ID,Provincia,Canton,Localizacion,Poblacion,Cantidad,Tasa,Genero,Año
1,SAN JOSE,CENTRAL,PROSTATA,176061,42,23.86,HOMBRE,2011
2,SAN JOSE,ESCAZU,PROSTATA,30462,4,13.13,HOMBRE,2011
3,SAN JOSE,DESAMPARADOS,PROSTATA,152103,21,13.81,HOMBRE,2011
4,SAN JOSE,PURISCAL,PROSTATA,15760,5,31.73,HOMBRE,2011
5,SAN JOSE,TARRAZU,PROSTATA,8417,0,0,HOMBRE,2011
6,SAN JOSE,ASERRI,PROSTATA,28084,2,7.12,HOMBRE,2011
7,SAN JOSE,MORA,PROSTATA,13686,1,7.31,HOMBRE,2011
8,SAN JOSE,GOICOECHEA,PROSTATA,65633,16,24.38,HOMBRE,2011
9,SAN JOSE,SANTA ANA,PROSTATA,22017,8,36.34,HOMBRE,2011
10,SAN JOSE,ALAJUELITA,PROSTATA,66685,5,7.5,HOMBRE,2011
11,SAN JOSE,CORONADO,PROSTATA,41330,10,24.2,HOMBRE,2011
12,SAN JOSE,ACOSTA,PROSTATA,9987,0,0,HOMBRE,2011
13,SAN JOSE,TIBAS,PROSTATA,30106,7,23.25,HOMBRE,2011
14,SAN JOSE,MORAVIA,PROSTATA,27111,4,14.75,HOMBRE,2011
15,SAN JOSE,MONTES DE OCA,PROSTATA,26539,8,30.14,HOMBRE,2011
16,SAN JOSE,TURRUBARES,PROSTATA,2390,1,41.84,HOMBRE,2011
17,SAN JOSE,DOTA,PROSTATA,3338,0,0,HOMBRE,2011
18,SAN JOSE,CURRIDABAT,PROSTATA,36497,6,16.44,HOMBRE,2011
19,SAN JOSE,PEREZ ZELEDON,PROSTATA,65271,11,16.85,HOMBRE,2011
20,SAN JOSE,LEON CORTES,PROSTATA,6824,0,0,HOMBRE,2011
21,ALAJUELA,CENTRAL,PROSTATA,145135,33,22.74,HOMBRE,2011
22,ALAJUELA,SAN RAMON,PROSTATA,45418,8,17.61,HOMBRE,2011
23,ALAJUELA,GRECIA,PROSTATA,42227,11,26.05,HOMBRE,2011
24,ALAJUELA,SAN MATEO,PROSTATA,2985,2,67,HOMBRE,2011
25,ALAJUELA,ATENAS,PROSTATA,13364,2,14.97,HOMBRE,2011
26,ALAJUELA,NARANJO,PROSTATA,23020,5,21.72,HOMBRE,2011
27,ALAJUELA,PALMARES,PROSTATA,19341,3,15.51,HOMBRE,2011
28,ALAJUELA,POAS,PROSTATA,16256,2,12.3,HOMBRE,2011
29,ALAJUELA,OROTINA,PROSTATA,9581,3,31.31,HOMBRE,2011
30,ALAJUELA,SAN CARLOS,PROSTATA,77589,11,14.18,HOMBRE,2011
31,ALAJUELA,ALFARO RUIZ,PROSTATA,7789,0,0,HOMBRE,2011
32,ALAJUELA,VALVERDE VEGA,PROSTATA,9140,3,32.82,HOMBRE,2011
33,ALAJUELA,UPALA,PROSTATA,18732,3,16.02,HOMBRE,2011
34,ALAJUELA,LOS CHILES,PROSTATA,10825,2,18.48,HOMBRE,2011
35,ALAJUELA,GUATUSO,PROSTATA,8694,1,11.5,HOMBRE,2011
36,CARTAGO,CENTRAL,PROSTATA,78555,15,19.09,HOMBRE,2011
37,CARTAGO,PARAISO,PROSTATA,35284,1,2.83,HOMBRE,2011
38,CARTAGO,LA UNION,PROSTATA,53721,6,11.17,HOMBRE,2011
39,CARTAGO,JIMENEZ,PROSTATA,7084,0,0,HOMBRE,2011
40,CARTAGO,TURRIALBA,PROSTATA,35962,6,16.68,HOMBRE,2011
41,CARTAGO,ALVARADO,PROSTATA,6990,0,0,HOMBRE,2011
42,CARTAGO,OREAMUNO,PROSTATA,22556,2,8.87,HOMBRE,2011
43,CARTAGO,EL GUARCO,PROSTATA,19823,4,20.18,HOMBRE,2011
44,HEREDIA,CENTRAL,PROSTATA,67169,14,20.84,HOMBRE,2011
45,HEREDIA,BARVA,PROSTATA,19953,1,5.01,HOMBRE,2011
46,HEREDIA,SANTO DOMINGO,PROSTATA,18957,5,26.38,HOMBRE,2011
47,HEREDIA,SANTA BARBARA,PROSTATA,17747,5,28.17,HOMBRE,2011
48,HEREDIA,SAN RAFAEL,PROSTATA,22062,4,18.13,HOMBRE,2011
49,HEREDIA,SAN ISIDRO,PROSTATA,11378,2,17.58,HOMBRE,2011
50,HEREDIA,BELEN,PROSTATA,11832,5,42.26,HOMBRE,2011
51,HEREDIA,FLORES,PROSTATA,8897,2,22.48,HOMBRE,2011
52,HEREDIA,SAN PABLO,PROSTATA,11720,4,34.13,HOMBRE,2011
53,HEREDIA,SARAPIQUI,PROSTATA,42040,4,9.51,HOMBRE,2011
54,GUANACASTE,LIBERIA,PROSTATA,27303,5,18.31,HOMBRE,2011
55,GUANACASTE,NICOYA,PROSTATA,20554,2,9.73,HOMBRE,2011
56,GUANACASTE,SANTA CRUZ,PROSTATA,22487,5,22.24,HOMBRE,2011
57,GUANACASTE,BAGACES,PROSTATA,9834,2,20.34,HOMBRE,2011
58,GUANACASTE,CARRILLO,PROSTATA,15525,0,0,HOMBRE,2011
59,GUANACASTE,CAÑAS,PROSTATA,12664,4,31.59,HOMBRE,2011
60,GUANACASTE,ABANGARES,PROSTATA,8656,1,11.55,HOMBRE,2011
61,GUANACASTE,TILARAN,PROSTATA,8449,3,35.51,HOMBRE,2011
62,GUANACASTE,NANDAYURE,PROSTATA,5121,3,58.58,HOMBRE,2011
63,GUANACASTE,LA CRUZ,PROSTATA,8863,0,0,HOMBRE,2011
64,GUANACASTE,HOJANCHA,PROSTATA,3384,1,29.55,HOMBRE,2011
65,PUNTARENAS,CENTRAL,PROSTATA,54665,11,20.12,HOMBRE,2011
66,PUNTARENAS,ESPARZA,PROSTATA,14249,0,0,HOMBRE,2011
67,PUNTARENAS,BUENOS AIRES,PROSTATA,22558,1,4.43,HOMBRE,2011
68,PUNTARENAS,MONTES DE ORO,PROSTATA,6692,3,44.83,HOMBRE,2011
69,PUNTARENAS,OSA,PROSTATA,10955,2,18.26,HOMBRE,2011
70,PUNTARENAS,AGUIRRE,PROSTATA,12897,5,38.77,HOMBRE,2011
71,PUNTARENAS,GOLFITO,PROSTATA,15238,2,13.13,HOMBRE,2011
72,PUNTARENAS,COTO BRUS,PROSTATA,17615,5,28.38,HOMBRE,2011
73,PUNTARENAS,PARRITA,PROSTATA,6492,3,46.21,HOMBRE,2011
74,PUNTARENAS,CORREDORES,PROSTATA,16601,6,36.14,HOMBRE,2011
75,PUNTARENAS,GARABITO,PROSTATA,12489,1,8.01,HOMBRE,2011
76,LIMON,CENTRAL,PROSTATA,54106,14,25.88,HOMBRE,2011
77,LIMON,POCOCI,PROSTATA,81446,12,14.73,HOMBRE,2011
78,LIMON,SIQUIRRES,PROSTATA,32217,4,12.42,HOMBRE,2011
79,LIMON,TALAMANCA,PROSTATA,18065,3,16.61,HOMBRE,2011
80,LIMON,MATINA,PROSTATA,25619,3,11.71,HOMBRE,2011
81,LIMON,GUACIMO,PROSTATA,25132,1,3.98,HOMBRE,2011
82,SAN JOSE,CENTRAL,ESTOMAGO,176061,30,17.04,HOMBRE,2011
83,SAN JOSE,ESCAZU,ESTOMAGO,30462,2,6.57,HOMBRE,2011
84,SAN JOSE,DESAMPARADOS,ESTOMAGO,152103,26,17.09,HOMBRE,2011
85,SAN JOSE,PURISCAL,ESTOMAGO,15760,2,12.69,HOMBRE,2011
86,SAN JOSE,TARRAZU,ESTOMAGO,8417,2,23.76,HOMBRE,2011
87,SAN JOSE,ASERRI,ESTOMAGO,28084,5,17.8,HOMBRE,2011
88,SAN JOSE,MORA,ESTOMAGO,13686,4,29.23,HOMBRE,2011
89,SAN JOSE,GOICOECHEA,ESTOMAGO,65633,13,19.81,HOMBRE,2011
90,SAN JOSE,SANTA ANA,ESTOMAGO,22017,5,22.71,HOMBRE,2011
91,SAN JOSE,ALAJUELITA,ESTOMAGO,66685,2,3,HOMBRE,2011
92,SAN JOSE,CORONADO,ESTOMAGO,41330,3,7.26,HOMBRE,2011
93,SAN JOSE,ACOSTA,ESTOMAGO,9987,4,40.05,HOMBRE,2011
94,SAN JOSE,TIBAS,ESTOMAGO,30106,10,33.22,HOMBRE,2011
95,SAN JOSE,MORAVIA,ESTOMAGO,27111,2,7.38,HOMBRE,2011
96,SAN JOSE,MONTES DE OCA,ESTOMAGO,26539,1,3.77,HOMBRE,2011
97,SAN JOSE,TURRUBARES,ESTOMAGO,2390,3,125.52,HOMBRE,2011
98,SAN JOSE,DOTA,ESTOMAGO,3338,1,29.96,HOMBRE,2011
99,SAN JOSE,CURRIDABAT,ESTOMAGO,36497,6,16.44,HOMBRE,2011
100,SAN JOSE,PEREZ ZELEDON,ESTOMAGO,65271,15,22.98,HOMBRE,2011
101,SAN JOSE,LEON CORTES,ESTOMAGO,6824,3,43.96,HOMBRE,2011
102,ALAJUELA,CENTRAL,ESTOMAGO,145135,19,13.09,HOMBRE,2011
103,ALAJUELA,SAN RAMON,ESTOMAGO,45418,6,13.21,HOMBRE,2011
104,ALAJUELA,GRECIA,ESTOMAGO,42227,5,11.84,HOMBRE,2011
105,ALAJUELA,SAN MATEO,ESTOMAGO,2985,1,33.5,HOMBRE,2011
106,ALAJUELA,ATENAS,ESTOMAGO,13364,3,22.45,HOMBRE,2011
107,ALAJUELA,NARANJO,ESTOMAGO,23020,8,34.75,HOMBRE,2011
108,ALAJUELA,PALMARES,ESTOMAGO,19341,1,5.17,HOMBRE,2011
109,ALAJUELA,POAS,ESTOMAGO,16256,3,18.45,HOMBRE,2011
110,ALAJUELA,OROTINA,ESTOMAGO,9581,2,20.87,HOMBRE,2011
111,ALAJUELA,SAN CARLOS,ESTOMAGO,77589,6,7.73,HOMBRE,2011
112,ALAJUELA,ALFARO RUIZ,ESTOMAGO,7789,1,12.84,HOMBRE,2011
113,ALAJUELA,VALVERDE VEGA,ESTOMAGO,9140,1,10.94,HOMBRE,2011
114,ALAJUELA,UPALA,ESTOMAGO,18732,4,21.35,HOMBRE,2011
115,ALAJUELA,LOS CHILES,ESTOMAGO,10825,2,18.48,HOMBRE,2011
116,ALAJUELA,GUATUSO,ESTOMAGO,8694,0,0,HOMBRE,2011
117,CARTAGO,CENTRAL,ESTOMAGO,78555,12,15.28,HOMBRE,2011
118,CARTAGO,PARAISO,ESTOMAGO,35284,4,11.34,HOMBRE,2011
119,CARTAGO,LA UNION,ESTOMAGO,53721,7,13.03,HOMBRE,2011
120,CARTAGO,JIMENEZ,ESTOMAGO,7084,6,84.7,HOMBRE,2011
121,CARTAGO,TURRIALBA,ESTOMAGO,35962,5,13.9,HOMBRE,2011
122,CARTAGO,ALVARADO,ESTOMAGO,6990,3,42.92,HOMBRE,2011
123,CARTAGO,OREAMUNO,ESTOMAGO,22556,7,31.03,HOMBRE,2011
124,CARTAGO,EL GUARCO,ESTOMAGO,19823,5,25.22,HOMBRE,2011
125,HEREDIA,CENTRAL,ESTOMAGO,67169,7,10.42,HOMBRE,2011
126,HEREDIA,BARVA,ESTOMAGO,19953,1,5.01,HOMBRE,2011
127,HEREDIA,SANTO DOMINGO,ESTOMAGO,18957,7,36.93,HOMBRE,2011
128,HEREDIA,SANTA BARBARA,ESTOMAGO,17747,3,16.9,HOMBRE,2011
129,HEREDIA,SAN RAFAEL,ESTOMAGO,22062,2,9.07,HOMBRE,2011
130,HEREDIA,SAN ISIDRO,ESTOMAGO,11378,2,17.58,HOMBRE,2011
131,HEREDIA,BELEN,ESTOMAGO,11832,0,0,HOMBRE,2011
132,HEREDIA,FLORES,ESTOMAGO,8897,2,22.48,HOMBRE,2011
133,HEREDIA,SAN PABLO,ESTOMAGO,11720,2,17.06,HOMBRE,2011
134,HEREDIA,SARAPIQUI,ESTOMAGO,42040,3,7.14,HOMBRE,2011
135,GUANACASTE,LIBERIA,ESTOMAGO,27303,4,14.65,HOMBRE,2011
136,GUANACASTE,NICOYA,ESTOMAGO,20554,5,24.33,HOMBRE,2011
137,GUANACASTE,SANTA CRUZ,ESTOMAGO,22487,9,40.02,HOMBRE,2011
138,GUANACASTE,BAGACES,ESTOMAGO,9834,3,30.51,HOMBRE,2011
139,GUANACASTE,CARRILLO,ESTOMAGO,15525,2,12.88,HOMBRE,2011
140,GUANACASTE,CAÑAS,ESTOMAGO,12664,0,0,HOMBRE,2011
141,GUANACASTE,ABANGARES,ESTOMAGO,8656,0,0,HOMBRE,2011
142,GUANACASTE,TILARAN,ESTOMAGO,8449,2,23.67,HOMBRE,2011
143,GUANACASTE,NANDAYURE,ESTOMAGO,5121,1,19.53,HOMBRE,2011
144,GUANACASTE,LA CRUZ,ESTOMAGO,8863,3,33.85,HOMBRE,2011
145,GUANACASTE,HOJANCHA,ESTOMAGO,3384,1,29.55,HOMBRE,2011
146,PUNTARENAS,CENTRAL,ESTOMAGO,54665,4,7.32,HOMBRE,2011
147,PUNTARENAS,ESPARZA,ESTOMAGO,14249,4,28.07,HOMBRE,2011
148,PUNTARENAS,BUENOS AIRES,ESTOMAGO,22558,3,13.3,HOMBRE,2011
149,PUNTARENAS,MONTES DE ORO,ESTOMAGO,6692,0,0,HOMBRE,2011
150,PUNTARENAS,OSA,ESTOMAGO,10955,4,36.51,HOMBRE,2011
151,PUNTARENAS,AGUIRRE,ESTOMAGO,12897,3,23.26,HOMBRE,2011
152,PUNTARENAS,GOLFITO,ESTOMAGO,15238,3,19.69,HOMBRE,2011
153,PUNTARENAS,COTO BRUS,ESTOMAGO,17615,5,28.38,HOMBRE,2011
154,PUNTARENAS,PARRITA,ESTOMAGO,6492,1,15.4,HOMBRE,2011
155,PUNTARENAS,CORREDORES,ESTOMAGO,16601,4,24.09,HOMBRE,2011
156,PUNTARENAS,GARABITO,ESTOMAGO,12489,1,8.01,HOMBRE,2011
157,LIMON,CENTRAL,ESTOMAGO,54106,3,5.54,HOMBRE,2011
158,LIMON,POCOCI,ESTOMAGO,81446,11,13.51,HOMBRE,2011
159,LIMON,SIQUIRRES,ESTOMAGO,32217,7,21.73,HOMBRE,2011
160,LIMON,TALAMANCA,ESTOMAGO,18065,3,16.61,HOMBRE,2011
161,LIMON,MATINA,ESTOMAGO,25619,1,3.9,HOMBRE,2011
162,LIMON,GUACIMO,ESTOMAGO,25132,4,15.92,HOMBRE,2011
163,SAN JOSE,CENTRAL,BRONQUIOS Y PULMON,176061,16,9.09,HOMBRE,2011
164,SAN JOSE,ESCAZU,BRONQUIOS Y PULMON,30462,3,9.85,HOMBRE,2011
165,SAN JOSE,DESAMPARADOS,BRONQUIOS Y PULMON,152103,12,7.89,HOMBRE,2011
166,SAN JOSE,PURISCAL,BRONQUIOS Y PULMON,15760,1,6.35,HOMBRE,2011
167,SAN JOSE,TARRAZU,BRONQUIOS Y PULMON,8417,1,11.88,HOMBRE,2011
168,SAN JOSE,ASERRI,BRONQUIOS Y PULMON,28084,3,10.68,HOMBRE,2011
169,SAN JOSE,MORA,BRONQUIOS Y PULMON,13686,2,14.61,HOMBRE,2011
170,SAN JOSE,GOICOECHEA,BRONQUIOS Y PULMON,65633,6,9.14,HOMBRE,2011
171,SAN JOSE,SANTA ANA,BRONQUIOS Y PULMON,22017,1,4.54,HOMBRE,2011
172,SAN JOSE,ALAJUELITA,BRONQUIOS Y PULMON,66685,6,9,HOMBRE,2011
173,SAN JOSE,CORONADO,BRONQUIOS Y PULMON,41330,3,7.26,HOMBRE,2011
174,SAN JOSE,ACOSTA,BRONQUIOS Y PULMON,9987,0,0,HOMBRE,2011
175,SAN JOSE,TIBAS,BRONQUIOS Y PULMON,30106,7,23.25,HOMBRE,2011
176,SAN JOSE,MORAVIA,BRONQUIOS Y PULMON,27111,5,18.44,HOMBRE,2011
177,SAN JOSE,MONTES DE OCA,BRONQUIOS Y PULMON,26539,1,3.77,HOMBRE,2011
178,SAN JOSE,TURRUBARES,BRONQUIOS Y PULMON,2390,0,0,HOMBRE,2011
179,SAN JOSE,DOTA,BRONQUIOS Y PULMON,3338,0,0,HOMBRE,2011
180,SAN JOSE,CURRIDABAT,BRONQUIOS Y PULMON,36497,4,10.96,HOMBRE,2011
181,SAN JOSE,PEREZ ZELEDON,BRONQUIOS Y PULMON,65271,3,4.6,HOMBRE,2011
182,SAN JOSE,LEON CORTES,BRONQUIOS Y PULMON,6824,0,0,HOMBRE,2011
183,ALAJUELA,CENTRAL,BRONQUIOS Y PULMON,145135,16,11.02,HOMBRE,2011
184,ALAJUELA,SAN RAMON,BRONQUIOS Y PULMON,45418,1,2.2,HOMBRE,2011
185,ALAJUELA,GRECIA,BRONQUIOS Y PULMON,42227,0,0,HOMBRE,2011
186,ALAJUELA,SAN MATEO,BRONQUIOS Y PULMON,2985,1,33.5,HOMBRE,2011
187,ALAJUELA,ATENAS,BRONQUIOS Y PULMON,13364,1,7.48,HOMBRE,2011
188,ALAJUELA,NARANJO,BRONQUIOS Y PULMON,23020,4,17.38,HOMBRE,2011
189,ALAJUELA,PALMARES,BRONQUIOS Y PULMON,19341,3,15.51,HOMBRE,2011
190,ALAJUELA,POAS,BRONQUIOS Y PULMON,16256,1,6.15,HOMBRE,2011
191,ALAJUELA,OROTINA,BRONQUIOS Y PULMON,9581,1,10.44,HOMBRE,2011
192,ALAJUELA,SAN CARLOS,BRONQUIOS Y PULMON,77589,3,3.87,HOMBRE,2011
193,ALAJUELA,ALFARO RUIZ,BRONQUIOS Y PULMON,7789,0,0,HOMBRE,2011
194,ALAJUELA,VALVERDE VEGA,BRONQUIOS Y PULMON,9140,0,0,HOMBRE,2011
195,ALAJUELA,UPALA,BRONQUIOS Y PULMON,18732,2,10.68,HOMBRE,2011
196,ALAJUELA,LOS CHILES,BRONQUIOS Y PULMON,10825,0,0,HOMBRE,2011
197,ALAJUELA,GUATUSO,BRONQUIOS Y PULMON,8694,1,11.5,HOMBRE,2011
198,CARTAGO,CENTRAL,BRONQUIOS Y PULMON,78555,8,10.18,HOMBRE,2011
199,CARTAGO,PARAISO,BRONQUIOS Y PULMON,35284,5,14.17,HOMBRE,2011
200,CARTAGO,LA UNION,BRONQUIOS Y PULMON,53721,2,3.72,HOMBRE,2011
201,CARTAGO,JIMENEZ,BRONQUIOS Y PULMON,7084,0,0,HOMBRE,2011
202,CARTAGO,TURRIALBA,BRONQUIOS Y PULMON,35962,2,5.56,HOMBRE,2011
203,CARTAGO,ALVARADO,BRONQUIOS Y PULMON,6990,1,14.31,HOMBRE,2011
204,CARTAGO,OREAMUNO,BRONQUIOS Y PULMON,22556,0,0,HOMBRE,2011
205,CARTAGO,EL GUARCO,BRONQUIOS Y PULMON,19823,1,5.04,HOMBRE,2011
206,HEREDIA,CENTRAL,BRONQUIOS Y PULMON,67169,10,14.89,HOMBRE,2011
207,HEREDIA,BARVA,BRONQUIOS Y PULMON,19953,1,5.01,HOMBRE,2011
208,HEREDIA,SANTO DOMINGO,BRONQUIOS Y PULMON,18957,3,15.83,HOMBRE,2011
209,HEREDIA,SANTA BARBARA,BRONQUIOS Y PULMON,17747,0,0,HOMBRE,2011
210,HEREDIA,SAN RAFAEL,BRONQUIOS Y PULMON,22062,4,18.13,HOMBRE,2011
211,HEREDIA,SAN ISIDRO,BRONQUIOS Y PULMON,11378,1,8.79,HOMBRE,2011
212,HEREDIA,BELEN,BRONQUIOS Y PULMON,11832,1,8.45,HOMBRE,2011
213,HEREDIA,FLORES,BRONQUIOS Y PULMON,8897,1,11.24,HOMBRE,2011
214,HEREDIA,SAN PABLO,BRONQUIOS Y PULMON,11720,1,8.53,HOMBRE,2011
215,HEREDIA,SARAPIQUI,BRONQUIOS Y PULMON,42040,1,2.38,HOMBRE,2011
216,GUANACASTE,LIBERIA,BRONQUIOS Y PULMON,27303,3,10.99,HOMBRE,2011
217,GUANACASTE,NICOYA,BRONQUIOS Y PULMON,20554,0,0,HOMBRE,2011
218,GUANACASTE,SANTA CRUZ,BRONQUIOS Y PULMON,22487,4,17.79,HOMBRE,2011
219,GUANACASTE,BAGACES,BRONQUIOS Y PULMON,9834,0,0,HOMBRE,2011
220,GUANACASTE,CARRILLO,BRONQUIOS Y PULMON,15525,0,0,HOMBRE,2011
221,GUANACASTE,CAÑAS,BRONQUIOS Y PULMON,12664,0,0,HOMBRE,2011
222,GUANACASTE,ABANGARES,BRONQUIOS Y PULMON,8656,0,0,HOMBRE,2011
223,GUANACASTE,TILARAN,BRONQUIOS Y PULMON,8449,1,11.84,HOMBRE,2011
224,GUANACASTE,NANDAYURE,BRONQUIOS Y PULMON,5121,1,19.53,HOMBRE,2011
225,GUANACASTE,LA CRUZ,BRONQUIOS Y PULMON,8863,1,11.28,HOMBRE,2011
226,GUANACASTE,HOJANCHA,BRONQUIOS Y PULMON,3384,0,0,HOMBRE,2011
227,PUNTARENAS,CENTRAL,BRONQUIOS Y PULMON,54665,6,10.98,HOMBRE,2011
228,PUNTARENAS,ESPARZA,BRONQUIOS Y PULMON,14249,1,7.02,HOMBRE,2011
229,PUNTARENAS,BUENOS AIRES,BRONQUIOS Y PULMON,22558,1,4.43,HOMBRE,2011
230,PUNTARENAS,MONTES DE ORO,BRONQUIOS Y PULMON,6692,0,0,HOMBRE,2011
231,PUNTARENAS,OSA,BRONQUIOS Y PULMON,10955,0,0,HOMBRE,2011
232,PUNTARENAS,AGUIRRE,BRONQUIOS Y PULMON,12897,1,7.75,HOMBRE,2011
233,PUNTARENAS,GOLFITO,BRONQUIOS Y PULMON,15238,3,19.69,HOMBRE,2011
234,PUNTARENAS,COTO BRUS,BRONQUIOS Y PULMON,17615,4,22.71,HOMBRE,2011
235,PUNTARENAS,PARRITA,BRONQUIOS Y PULMON,6492,0,0,HOMBRE,2011
236,PUNTARENAS,CORREDORES,BRONQUIOS Y PULMON,16601,1,6.02,HOMBRE,2011
237,PUNTARENAS,GARABITO,BRONQUIOS Y PULMON,12489,1,8.01,HOMBRE,2011
238,LIMON,CENTRAL,BRONQUIOS Y PULMON,54106,3,5.54,HOMBRE,2011
239,LIMON,POCOCI,BRONQUIOS Y PULMON,81446,6,7.37,HOMBRE,2011
240,LIMON,SIQUIRRES,BRONQUIOS Y PULMON,32217,9,27.94,HOMBRE,2011
241,LIMON,TALAMANCA,BRONQUIOS Y PULMON,18065,2,11.07,HOMBRE,2011
242,LIMON,MATINA,BRONQUIOS Y PULMON,25619,1,3.9,HOMBRE,2011
243,LIMON,GUACIMO,BRONQUIOS Y PULMON,25132,2,7.96,HOMBRE,2011
244,SAN JOSE,CENTRAL,HIGADO,176061,12,6.82,HOMBRE,2011
245,SAN JOSE,ESCAZU,HIGADO,30462,2,6.57,HOMBRE,2011
246,SAN JOSE,DESAMPARADOS,HIGADO,152103,5,3.29,HOMBRE,2011
247,SAN JOSE,PURISCAL,HIGADO,15760,0,0,HOMBRE,2011
248,SAN JOSE,TARRAZU,HIGADO,8417,1,11.88,HOMBRE,2011
249,SAN JOSE,ASERRI,HIGADO,28084,3,10.68,HOMBRE,2011
250,SAN JOSE,MORA,HIGADO,13686,0,0,HOMBRE,2011
251,SAN JOSE,GOICOECHEA,HIGADO,65633,7,10.67,HOMBRE,2011
252,SAN JOSE,SANTA ANA,HIGADO,22017,0,0,HOMBRE,2011
253,SAN JOSE,ALAJUELITA,HIGADO,66685,0,0,HOMBRE,2011
254,SAN JOSE,CORONADO,HIGADO,41330,2,4.84,HOMBRE,2011
255,SAN JOSE,ACOSTA,HIGADO,9987,0,0,HOMBRE,2011
256,SAN JOSE,TIBAS,HIGADO,30106,5,16.61,HOMBRE,2011
257,SAN JOSE,MORAVIA,HIGADO,27111,5,18.44,HOMBRE,2011
258,SAN JOSE,MONTES DE OCA,HIGADO,26539,3,11.3,HOMBRE,2011
259,SAN JOSE,TURRUBARES,HIGADO,2390,0,0,HOMBRE,2011
260,SAN JOSE,DOTA,HIGADO,3338,0,0,HOMBRE,2011
261,SAN JOSE,CURRIDABAT,HIGADO,36497,1,2.74,HOMBRE,2011
262,SAN JOSE,PEREZ ZELEDON,HIGADO,65271,6,9.19,HOMBRE,2011
263,SAN JOSE,LEON CORTES,HIGADO,6824,0,0,HOMBRE,2011
264,ALAJUELA,CENTRAL,HIGADO,145135,12,8.27,HOMBRE,2011
265,ALAJUELA,SAN RAMON,HIGADO,45418,1,2.2,HOMBRE,2011
266,ALAJUELA,GRECIA,HIGADO,42227,4,9.47,HOMBRE,2011
267,ALAJUELA,SAN MATEO,HIGADO,2985,0,0,HOMBRE,2011
268,ALAJUELA,ATENAS,HIGADO,13364,0,0,HOMBRE,2011
269,ALAJUELA,NARANJO,HIGADO,23020,3,13.03,HOMBRE,2011
270,ALAJUELA,PALMARES,HIGADO,19341,2,10.34,HOMBRE,2011
271,ALAJUELA,POAS,HIGADO,16256,0,0,HOMBRE,2011
272,ALAJUELA,OROTINA,HIGADO,9581,1,10.44,HOMBRE,2011
273,ALAJUELA,SAN CARLOS,HIGADO,77589,7,9.02,HOMBRE,2011
274,ALAJUELA,ALFARO RUIZ,HIGADO,7789,1,12.84,HOMBRE,2011
275,ALAJUELA,VALVERDE VEGA,HIGADO,9140,1,10.94,HOMBRE,2011
276,ALAJUELA,UPALA,HIGADO,18732,1,5.34,HOMBRE,2011
277,ALAJUELA,LOS CHILES,HIGADO,10825,0,0,HOMBRE,2011
278,ALAJUELA,GUATUSO,HIGADO,8694,0,0,HOMBRE,2011
279,CARTAGO,CENTRAL,HIGADO,78555,10,12.73,HOMBRE,2011
280,CARTAGO,PARAISO,HIGADO,35284,0,0,HOMBRE,2011
281,CARTAGO,LA UNION,HIGADO,53721,4,7.45,HOMBRE,2011
282,CARTAGO,JIMENEZ,HIGADO,7084,0,0,HOMBRE,2011
283,CARTAGO,TURRIALBA,HIGADO,35962,4,11.12,HOMBRE,2011
284,CARTAGO,ALVARADO,HIGADO,6990,0,0,HOMBRE,2011
285,CARTAGO,OREAMUNO,HIGADO,22556,2,8.87,HOMBRE,2011
286,CARTAGO,EL GUARCO,HIGADO,19823,0,0,HOMBRE,2011
287,HEREDIA,CENTRAL,HIGADO,67169,3,4.47,HOMBRE,2011
288,HEREDIA,BARVA,HIGADO,19953,1,5.01,HOMBRE,2011
289,HEREDIA,SANTO DOMINGO,HIGADO,18957,1,5.28,HOMBRE,2011
290,HEREDIA,SANTA BARBARA,HIGADO,17747,4,22.54,HOMBRE,2011
291,HEREDIA,SAN RAFAEL,HIGADO,22062,2,9.07,HOMBRE,2011
292,HEREDIA,SAN ISIDRO,HIGADO,11378,1,8.79,HOMBRE,2011
293,HEREDIA,BELEN,HIGADO,11832,1,8.45,HOMBRE,2011
294,HEREDIA,FLORES,HIGADO,8897,0,0,HOMBRE,2011
295,HEREDIA,SAN PABLO,HIGADO,11720,1,8.53,HOMBRE,2011
296,HEREDIA,SARAPIQUI,HIGADO,42040,2,4.76,HOMBRE,2011
297,GUANACASTE,LIBERIA,HIGADO,27303,1,3.66,HOMBRE,2011
298,GUANACASTE,NICOYA,HIGADO,20554,0,0,HOMBRE,2011
299,GUANACASTE,SANTA CRUZ,HIGADO,22487,3,13.34,HOMBRE,2011
300,GUANACASTE,BAGACES,HIGADO,9834,1,10.17,HOMBRE,2011
301,GUANACASTE,CARRILLO,HIGADO,15525,1,6.44,HOMBRE,2011
302,GUANACASTE,CAÑAS,HIGADO,12664,0,0,HOMBRE,2011
303,GUANACASTE,ABANGARES,HIGADO,8656,0,0,HOMBRE,2011
304,GUANACASTE,TILARAN,HIGADO,8449,1,11.84,HOMBRE,2011
305,GUANACASTE,NANDAYURE,HIGADO,5121,0,0,HOMBRE,2011
306,GUANACASTE,LA CRUZ,HIGADO,8863,0,0,HOMBRE,2011
307,GUANACASTE,HOJANCHA,HIGADO,3384,0,0,HOMBRE,2011
308,PUNTARENAS,CENTRAL,HIGADO,54665,5,9.15,HOMBRE,2011
309,PUNTARENAS,ESPARZA,HIGADO,14249,0,0,HOMBRE,2011
310,PUNTARENAS,BUENOS AIRES,HIGADO,22558,5,22.17,HOMBRE,2011
311,PUNTARENAS,MONTES DE ORO,HIGADO,6692,2,29.89,HOMBRE,2011
312,PUNTARENAS,OSA,HIGADO,10955,0,0,HOMBRE,2011
313,PUNTARENAS,AGUIRRE,HIGADO,12897,1,7.75,HOMBRE,2011
314,PUNTARENAS,GOLFITO,HIGADO,15238,1,6.56,HOMBRE,2011
315,PUNTARENAS,COTO BRUS,HIGADO,17615,0,0,HOMBRE,2011
316,PUNTARENAS,PARRITA,HIGADO,6492,0,0,HOMBRE,2011
317,PUNTARENAS,CORREDORES,HIGADO,16601,1,6.02,HOMBRE,2011
318,PUNTARENAS,GARABITO,HIGADO,12489,0,0,HOMBRE,2011
319,LIMON,CENTRAL,HIGADO,54106,5,9.24,HOMBRE,2011
320,LIMON,POCOCI,HIGADO,81446,4,4.91,HOMBRE,2011
321,LIMON,SIQUIRRES,HIGADO,32217,2,6.21,HOMBRE,2011
322,LIMON,TALAMANCA,HIGADO,18065,0,0,HOMBRE,2011
323,LIMON,MATINA,HIGADO,25619,1,3.9,HOMBRE,2011
324,LIMON,GUACIMO,HIGADO,25132,1,3.98,HOMBRE,2011
325,SAN JOSE,CENTRAL,COLON,176061,16,9.09,HOMBRE,2011
326,SAN JOSE,ESCAZU,COLON,30462,3,9.85,HOMBRE,2011
327,SAN JOSE,DESAMPARADOS,COLON,152103,5,3.29,HOMBRE,2011
328,SAN JOSE,PURISCAL,COLON,15760,1,6.35,HOMBRE,2011
329,SAN JOSE,TARRAZU,COLON,8417,0,0,HOMBRE,2011
330,SAN JOSE,ASERRI,COLON,28084,0,0,HOMBRE,2011
331,SAN JOSE,MORA,COLON,13686,0,0,HOMBRE,2011
332,SAN JOSE,GOICOECHEA,COLON,65633,5,7.62,HOMBRE,2011
333,SAN JOSE,SANTA ANA,COLON,22017,1,4.54,HOMBRE,2011
334,SAN JOSE,ALAJUELITA,COLON,66685,3,4.5,HOMBRE,2011
335,SAN JOSE,CORONADO,COLON,41330,2,4.84,HOMBRE,2011
336,SAN JOSE,ACOSTA,COLON,9987,1,10.01,HOMBRE,2011
337,SAN JOSE,TIBAS,COLON,30106,1,3.32,HOMBRE,2011
338,SAN JOSE,MORAVIA,COLON,27111,2,7.38,HOMBRE,2011
339,SAN JOSE,MONTES DE OCA,COLON,26539,2,7.54,HOMBRE,2011
340,SAN JOSE,TURRUBARES,COLON,2390,0,0,HOMBRE,2011
341,SAN JOSE,DOTA,COLON,3338,0,0,HOMBRE,2011
342,SAN JOSE,CURRIDABAT,COLON,36497,1,2.74,HOMBRE,2011
343,SAN JOSE,PEREZ ZELEDON,COLON,65271,6,9.19,HOMBRE,2011
344,SAN JOSE,LEON CORTES,COLON,6824,0,0,HOMBRE,2011
345,ALAJUELA,CENTRAL,COLON,145135,11,7.58,HOMBRE,2011
346,ALAJUELA,SAN RAMON,COLON,45418,3,6.61,HOMBRE,2011
347,ALAJUELA,GRECIA,COLON,42227,2,4.74,HOMBRE,2011
348,ALAJUELA,SAN MATEO,COLON,2985,0,0,HOMBRE,2011
349,ALAJUELA,ATENAS,COLON,13364,2,14.97,HOMBRE,2011
350,ALAJUELA,NARANJO,COLON,23020,0,0,HOMBRE,2011
351,ALAJUELA,PALMARES,COLON,19341,1,5.17,HOMBRE,2011
352,ALAJUELA,POAS,COLON,16256,0,0,HOMBRE,2011
353,ALAJUELA,OROTINA,COLON,9581,0,0,HOMBRE,2011
354,ALAJUELA,SAN CARLOS,COLON,77589,5,6.44,HOMBRE,2011
355,ALAJUELA,ALFARO RUIZ,COLON,7789,1,12.84,HOMBRE,2011
356,ALAJUELA,VALVERDE VEGA,COLON,9140,0,0,HOMBRE,2011
357,ALAJUELA,UPALA,COLON,18732,0,0,HOMBRE,2011
358,ALAJUELA,LOS CHILES,COLON,10825,1,9.24,HOMBRE,2011
359,ALAJUELA,GUATUSO,COLON,8694,0,0,HOMBRE,2011
360,CARTAGO,CENTRAL,COLON,78555,2,2.55,HOMBRE,2011
361,CARTAGO,PARAISO,COLON,35284,2,5.67,HOMBRE,2011
362,CARTAGO,LA UNION,COLON,53721,2,3.72,HOMBRE,2011
363,CARTAGO,JIMENEZ,COLON,7084,0,0,HOMBRE,2011
364,CARTAGO,TURRIALBA,COLON,35962,3,8.34,HOMBRE,2011
365,CARTAGO,ALVARADO,COLON,6990,1,14.31,HOMBRE,2011
366,CARTAGO,OREAMUNO,COLON,22556,0,0,HOMBRE,2011
367,CARTAGO,EL GUARCO,COLON,19823,0,0,HOMBRE,2011
368,HEREDIA,CENTRAL,COLON,67169,6,8.93,HOMBRE,2011
369,HEREDIA,BARVA,COLON,19953,1,5.01,HOMBRE,2011
370,HEREDIA,SANTO DOMINGO,COLON,18957,0,0,HOMBRE,2011
371,HEREDIA,SANTA BARBARA,COLON,17747,2,11.27,HOMBRE,2011
372,HEREDIA,SAN RAFAEL,COLON,22062,2,9.07,HOMBRE,2011
373,HEREDIA,SAN ISIDRO,COLON,11378,2,17.58,HOMBRE,2011
374,HEREDIA,BELEN,COLON,11832,0,0,HOMBRE,2011
375,HEREDIA,FLORES,COLON,8897,0,0,HOMBRE,2011
376,HEREDIA,SAN PABLO,COLON,11720,0,0,HOMBRE,2011
377,HEREDIA,SARAPIQUI,COLON,42040,1,2.38,HOMBRE,2011
378,GUANACASTE,LIBERIA,COLON,27303,2,7.33,HOMBRE,2011
379,GUANACASTE,NICOYA,COLON,20554,0,0,HOMBRE,2011
380,GUANACASTE,SANTA CRUZ,COLON,22487,0,0,HOMBRE,2011
381,GUANACASTE,BAGACES,COLON,9834,0,0,HOMBRE,2011
382,GUANACASTE,CARRILLO,COLON,15525,5,32.21,HOMBRE,2011
383,GUANACASTE,CAÑAS,COLON,12664,0,0,HOMBRE,2011
384,GUANACASTE,ABANGARES,COLON,8656,0,0,HOMBRE,2011
385,GUANACASTE,TILARAN,COLON,8449,0,0,HOMBRE,2011
386,GUANACASTE,NANDAYURE,COLON,5121,1,19.53,HOMBRE,2011
387,GUANACASTE,LA CRUZ,COLON,8863,0,0,HOMBRE,2011
388,GUANACASTE,HOJANCHA,COLON,3384,0,0,HOMBRE,2011
389,PUNTARENAS,CENTRAL,COLON,54665,2,3.66,HOMBRE,2011
390,PUNTARENAS,ESPARZA,COLON,14249,2,14.04,HOMBRE,2011
391,PUNTARENAS,BUENOS AIRES,COLON,22558,2,8.87,HOMBRE,2011
392,PUNTARENAS,MONTES DE ORO,COLON,6692,0,0,HOMBRE,2011
393,PUNTARENAS,OSA,COLON,10955,1,9.13,HOMBRE,2011
394,PUNTARENAS,AGUIRRE,COLON,12897,0,0,HOMBRE,2011
395,PUNTARENAS,GOLFITO,COLON,15238,0,0,HOMBRE,2011
396,PUNTARENAS,COTO BRUS,COLON,17615,0,0,HOMBRE,2011
397,PUNTARENAS,PARRITA,COLON,6492,1,15.4,HOMBRE,2011
398,PUNTARENAS,CORREDORES,COLON,16601,0,0,HOMBRE,2011
399,PUNTARENAS,GARABITO,COLON,12489,2,16.01,HOMBRE,2011
400,LIMON,CENTRAL,COLON,54106,2,3.7,HOMBRE,2011
401,LIMON,POCOCI,COLON,81446,3,3.68,HOMBRE,2011
402,LIMON,SIQUIRRES,COLON,32217,1,3.1,HOMBRE,2011
403,LIMON,TALAMANCA,COLON,18065,1,5.54,HOMBRE,2011
404,LIMON,MATINA,COLON,25619,0,0,HOMBRE,2011
405,LIMON,GUACIMO,COLON,25132,0,0,HOMBRE,2011
406,SAN JOSE,CENTRAL,LINFOMAS,176061,13,7.38,HOMBRE,2011
407,SAN JOSE,ESCAZU,LINFOMAS,30462,1,3.28,HOMBRE,2011
408,SAN JOSE,DESAMPARADOS,LINFOMAS,152103,4,2.63,HOMBRE,2011
409,SAN JOSE,PURISCAL,LINFOMAS,15760,2,12.69,HOMBRE,2011
410,SAN JOSE,TARRAZU,LINFOMAS,8417,0,0,HOMBRE,2011
411,SAN JOSE,ASERRI,LINFOMAS,28084,6,21.36,HOMBRE,2011
412,SAN JOSE,MORA,LINFOMAS,13686,0,0,HOMBRE,2011
413,SAN JOSE,GOICOECHEA,LINFOMAS,65633,2,3.05,HOMBRE,2011
414,SAN JOSE,SANTA ANA,LINFOMAS,22017,3,13.63,HOMBRE,2011
415,SAN JOSE,ALAJUELITA,LINFOMAS,66685,1,1.5,HOMBRE,2011
416,SAN JOSE,CORONADO,LINFOMAS,41330,5,12.1,HOMBRE,2011
417,SAN JOSE,ACOSTA,LINFOMAS,9987,0,0,HOMBRE,2011
418,SAN JOSE,TIBAS,LINFOMAS,30106,2,6.64,HOMBRE,2011
419,SAN JOSE,MORAVIA,LINFOMAS,27111,1,3.69,HOMBRE,2011
420,SAN JOSE,MONTES DE OCA,LINFOMAS,26539,2,7.54,HOMBRE,2011
421,SAN JOSE,TURRUBARES,LINFOMAS,2390,0,0,HOMBRE,2011
422,SAN JOSE,DOTA,LINFOMAS,3338,1,29.96,HOMBRE,2011
423,SAN JOSE,CURRIDABAT,LINFOMAS,36497,4,10.96,HOMBRE,2011
424,SAN JOSE,PEREZ ZELEDON,LINFOMAS,65271,5,7.66,HOMBRE,2011
425,SAN JOSE,LEON CORTES,LINFOMAS,6824,0,0,HOMBRE,2011
426,ALAJUELA,CENTRAL,LINFOMAS,145135,5,3.45,HOMBRE,2011
427,ALAJUELA,SAN RAMON,LINFOMAS,45418,1,2.2,HOMBRE,2011
428,ALAJUELA,GRECIA,LINFOMAS,42227,5,11.84,HOMBRE,2011
429,ALAJUELA,SAN MATEO,LINFOMAS,2985,0,0,HOMBRE,2011
430,ALAJUELA,ATENAS,LINFOMAS,13364,1,7.48,HOMBRE,2011
431,ALAJUELA,NARANJO,LINFOMAS,23020,2,8.69,HOMBRE,2011
432,ALAJUELA,PALMARES,LINFOMAS,19341,1,5.17,HOMBRE,2011
433,ALAJUELA,POAS,LINFOMAS,16256,0,0,HOMBRE,2011
434,ALAJUELA,OROTINA,LINFOMAS,9581,0,0,HOMBRE,2011
435,ALAJUELA,SAN CARLOS,LINFOMAS,77589,5,6.44,HOMBRE,2011
436,ALAJUELA,ALFARO RUIZ,LINFOMAS,7789,0,0,HOMBRE,2011
437,ALAJUELA,VALVERDE VEGA,LINFOMAS,9140,0,0,HOMBRE,2011
438,ALAJUELA,UPALA,LINFOMAS,18732,0,0,HOMBRE,2011
439,ALAJUELA,LOS CHILES,LINFOMAS,10825,0,0,HOMBRE,2011
440,ALAJUELA,GUATUSO,LINFOMAS,8694,0,0,HOMBRE,2011
441,CARTAGO,CENTRAL,LINFOMAS,78555,1,1.27,HOMBRE,2011
442,CARTAGO,PARAISO,LINFOMAS,35284,3,8.5,HOMBRE,2011
443,CARTAGO,LA UNION,LINFOMAS,53721,0,0,HOMBRE,2011
444,CARTAGO,JIMENEZ,LINFOMAS,7084,1,14.12,HOMBRE,2011
445,CARTAGO,TURRIALBA,LINFOMAS,35962,1,2.78,HOMBRE,2011
446,CARTAGO,ALVARADO,LINFOMAS,6990,1,14.31,HOMBRE,2011
447,CARTAGO,OREAMUNO,LINFOMAS,22556,0,0,HOMBRE,2011
448,CARTAGO,EL GUARCO,LINFOMAS,19823,3,15.13,HOMBRE,2011
449,HEREDIA,CENTRAL,LINFOMAS,67169,4,5.96,HOMBRE,2011
450,HEREDIA,BARVA,LINFOMAS,19953,0,0,HOMBRE,2011
451,HEREDIA,SANTO DOMINGO,LINFOMAS,18957,1,5.28,HOMBRE,2011
452,HEREDIA,SANTA BARBARA,LINFOMAS,17747,0,0,HOMBRE,2011
453,HEREDIA,SAN RAFAEL,LINFOMAS,22062,1,4.53,HOMBRE,2011
454,HEREDIA,SAN ISIDRO,LINFOMAS,11378,1,8.79,HOMBRE,2011
455,HEREDIA,BELEN,LINFOMAS,11832,0,0,HOMBRE,2011
456,HEREDIA,FLORES,LINFOMAS,8897,0,0,HOMBRE,2011
457,HEREDIA,SAN PABLO,LINFOMAS,11720,0,0,HOMBRE,2011
458,HEREDIA,SARAPIQUI,LINFOMAS,42040,3,7.14,HOMBRE,2011
459,GUANACASTE,LIBERIA,LINFOMAS,27303,0,0,HOMBRE,2011
460,GUANACASTE,NICOYA,LINFOMAS,20554,2,9.73,HOMBRE,2011
461,GUANACASTE,SANTA CRUZ,LINFOMAS,22487,0,0,HOMBRE,2011
462,GUANACASTE,BAGACES,LINFOMAS,9834,1,10.17,HOMBRE,2011
463,GUANACASTE,CARRILLO,LINFOMAS,15525,0,0,HOMBRE,2011
464,GUANACASTE,CAÑAS,LINFOMAS,12664,1,7.9,HOMBRE,2011
465,GUANACASTE,ABANGARES,LINFOMAS,8656,1,11.55,HOMBRE,2011
466,GUANACASTE,TILARAN,LINFOMAS,8449,2,23.67,HOMBRE,2011
467,GUANACASTE,NANDAYURE,LINFOMAS,5121,0,0,HOMBRE,2011
468,GUANACASTE,LA CRUZ,LINFOMAS,8863,2,22.57,HOMBRE,2011
469,GUANACASTE,HOJANCHA,LINFOMAS,3384,0,0,HOMBRE,2011
470,PUNTARENAS,CENTRAL,LINFOMAS,54665,1,1.83,HOMBRE,2011
471,PUNTARENAS,ESPARZA,LINFOMAS,14249,0,0,HOMBRE,2011
472,PUNTARENAS,BUENOS AIRES,LINFOMAS,22558,1,4.43,HOMBRE,2011
473,PUNTARENAS,MONTES DE ORO,LINFOMAS,6692,0,0,HOMBRE,2011
474,PUNTARENAS,OSA,LINFOMAS,10955,0,0,HOMBRE,2011
475,PUNTARENAS,AGUIRRE,LINFOMAS,12897,0,0,HOMBRE,2011
476,PUNTARENAS,GOLFITO,LINFOMAS,15238,1,6.56,HOMBRE,2011
477,PUNTARENAS,COTO BRUS,LINFOMAS,17615,0,0,HOMBRE,2011
478,PUNTARENAS,PARRITA,LINFOMAS,6492,0,0,HOMBRE,2011
479,PUNTARENAS,CORREDORES,LINFOMAS,16601,1,6.02,HOMBRE,2011
480,PUNTARENAS,GARABITO,LINFOMAS,12489,0,0,HOMBRE,2011
481,LIMON,CENTRAL,LINFOMAS,54106,8,14.79,HOMBRE,2011
482,LIMON,POCOCI,LINFOMAS,81446,2,2.46,HOMBRE,2011
483,LIMON,SIQUIRRES,LINFOMAS,32217,1,3.1,HOMBRE,2011
484,LIMON,TALAMANCA,LINFOMAS,18065,0,0,HOMBRE,2011
485,LIMON,MATINA,LINFOMAS,25619,0,0,HOMBRE,2011
486,LIMON,GUACIMO,LINFOMAS,25132,1,3.98,HOMBRE,2011
487,SAN JOSE,CENTRAL,PANCREAS,176061,14,7.95,HOMBRE,2011
488,SAN JOSE,ESCAZU,PANCREAS,30462,1,3.28,HOMBRE,2011
489,SAN JOSE,DESAMPARADOS,PANCREAS,152103,5,3.29,HOMBRE,2011
490,SAN JOSE,PURISCAL,PANCREAS,15760,3,19.04,HOMBRE,2011
491,SAN JOSE,TARRAZU,PANCREAS,8417,0,0,HOMBRE,2011
492,SAN JOSE,ASERRI,PANCREAS,28084,0,0,HOMBRE,2011
493,SAN JOSE,MORA,PANCREAS,13686,0,0,HOMBRE,2011
494,SAN JOSE,GOICOECHEA,PANCREAS,65633,4,6.09,HOMBRE,2011
495,SAN JOSE,SANTA ANA,PANCREAS,22017,2,9.08,HOMBRE,2011
496,SAN JOSE,ALAJUELITA,PANCREAS,66685,1,1.5,HOMBRE,2011
497,SAN JOSE,CORONADO,PANCREAS,41330,0,0,HOMBRE,2011
498,SAN JOSE,ACOSTA,PANCREAS,9987,0,0,HOMBRE,2011
499,SAN JOSE,TIBAS,PANCREAS,30106,2,6.64,HOMBRE,2011
500,SAN JOSE,MORAVIA,PANCREAS,27111,5,18.44,HOMBRE,2011
501,SAN JOSE,MONTES DE OCA,PANCREAS,26539,1,3.77,HOMBRE,2011
502,SAN JOSE,TURRUBARES,PANCREAS,2390,0,0,HOMBRE,2011
503,SAN JOSE,DOTA,PANCREAS,3338,0,0,HOMBRE,2011
504,SAN JOSE,CURRIDABAT,PANCREAS,36497,1,2.74,HOMBRE,2011
505,SAN JOSE,PEREZ ZELEDON,PANCREAS,65271,2,3.06,HOMBRE,2011
506,SAN JOSE,LEON CORTES,PANCREAS,6824,2,29.31,HOMBRE,2011
507,ALAJUELA,CENTRAL,PANCREAS,145135,7,4.82,HOMBRE,2011
508,ALAJUELA,SAN RAMON,PANCREAS,45418,2,4.4,HOMBRE,2011
509,ALAJUELA,GRECIA,PANCREAS,42227,3,7.1,HOMBRE,2011
510,ALAJUELA,SAN MATEO,PANCREAS,2985,1,33.5,HOMBRE,2011
511,ALAJUELA,ATENAS,PANCREAS,13364,0,0,HOMBRE,2011
512,ALAJUELA,NARANJO,PANCREAS,23020,0,0,HOMBRE,2011
513,ALAJUELA,PALMARES,PANCREAS,19341,0,0,HOMBRE,2011
514,ALAJUELA,POAS,PANCREAS,16256,0,0,HOMBRE,2011
515,ALAJUELA,OROTINA,PANCREAS,9581,1,10.44,HOMBRE,2011
516,ALAJUELA,SAN CARLOS,PANCREAS,77589,1,1.29,HOMBRE,2011
517,ALAJUELA,ALFARO RUIZ,PANCREAS,7789,0,0,HOMBRE,2011
518,ALAJUELA,VALVERDE VEGA,PANCREAS,9140,0,0,HOMBRE,2011
519,ALAJUELA,UPALA,PANCREAS,18732,2,10.68,HOMBRE,2011
520,ALAJUELA,LOS CHILES,PANCREAS,10825,0,0,HOMBRE,2011
521,ALAJUELA,GUATUSO,PANCREAS,8694,1,11.5,HOMBRE,2011
522,CARTAGO,CENTRAL,PANCREAS,78555,6,7.64,HOMBRE,2011
523,CARTAGO,PARAISO,PANCREAS,35284,1,2.83,HOMBRE,2011
524,CARTAGO,LA UNION,PANCREAS,53721,2,3.72,HOMBRE,2011
525,CARTAGO,JIMENEZ,PANCREAS,7084,2,28.23,HOMBRE,2011
526,CARTAGO,TURRIALBA,PANCREAS,35962,3,8.34,HOMBRE,2011
527,CARTAGO,ALVARADO,PANCREAS,6990,0,0,HOMBRE,2011
528,CARTAGO,OREAMUNO,PANCREAS,22556,0,0,HOMBRE,2011
529,CARTAGO,EL GUARCO,PANCREAS,19823,1,5.04,HOMBRE,2011
530,HEREDIA,CENTRAL,PANCREAS,67169,4,5.96,HOMBRE,2011
531,HEREDIA,BARVA,PANCREAS,19953,0,0,HOMBRE,2011
532,HEREDIA,SANTO DOMINGO,PANCREAS,18957,0,0,HOMBRE,2011
533,HEREDIA,SANTA BARBARA,PANCREAS,17747,1,5.63,HOMBRE,2011
534,HEREDIA,SAN RAFAEL,PANCREAS,22062,1,4.53,HOMBRE,2011
535,HEREDIA,SAN ISIDRO,PANCREAS,11378,0,0,HOMBRE,2011
536,HEREDIA,BELEN,PANCREAS,11832,1,8.45,HOMBRE,2011
537,HEREDIA,FLORES,PANCREAS,8897,0,0,HOMBRE,2011
538,HEREDIA,SAN PABLO,PANCREAS,11720,0,0,HOMBRE,2011
539,HEREDIA,SARAPIQUI,PANCREAS,42040,0,0,HOMBRE,2011
540,GUANACASTE,LIBERIA,PANCREAS,27303,1,3.66,HOMBRE,2011
541,GUANACASTE,NICOYA,PANCREAS,20554,1,4.87,HOMBRE,2011
542,GUANACASTE,SANTA CRUZ,PANCREAS,22487,4,17.79,HOMBRE,2011
543,GUANACASTE,BAGACES,PANCREAS,9834,1,10.17,HOMBRE,2011
544,GUANACASTE,CARRILLO,PANCREAS,15525,2,12.88,HOMBRE,2011
545,GUANACASTE,CAÑAS,PANCREAS,12664,0,0,HOMBRE,2011
546,GUANACASTE,ABANGARES,PANCREAS,8656,1,11.55,HOMBRE,2011
547,GUANACASTE,TILARAN,PANCREAS,8449,1,11.84,HOMBRE,2011
548,GUANACASTE,NANDAYURE,PANCREAS,5121,1,19.53,HOMBRE,2011
549,GUANACASTE,LA CRUZ,PANCREAS,8863,0,0,HOMBRE,2011
550,GUANACASTE,HOJANCHA,PANCREAS,3384,0,0,HOMBRE,2011
551,PUNTARENAS,CENTRAL,PANCREAS,54665,2,3.66,HOMBRE,2011
552,PUNTARENAS,ESPARZA,PANCREAS,14249,0,0,HOMBRE,2011
553,PUNTARENAS,BUENOS AIRES,PANCREAS,22558,0,0,HOMBRE,2011
554,PUNTARENAS,MONTES DE ORO,PANCREAS,6692,1,14.94,HOMBRE,2011
555,PUNTARENAS,OSA,PANCREAS,10955,1,9.13,HOMBRE,2011
556,PUNTARENAS,AGUIRRE,PANCREAS,12897,0,0,HOMBRE,2011
557,PUNTARENAS,GOLFITO,PANCREAS,15238,1,6.56,HOMBRE,2011
558,PUNTARENAS,COTO BRUS,PANCREAS,17615,0,0,HOMBRE,2011
559,PUNTARENAS,PARRITA,PANCREAS,6492,0,0,HOMBRE,2011
560,PUNTARENAS,CORREDORES,PANCREAS,16601,2,12.05,HOMBRE,2011
561,PUNTARENAS,GARABITO,PANCREAS,12489,0,0,HOMBRE,2011
562,LIMON,CENTRAL,PANCREAS,54106,2,3.7,HOMBRE,2011
563,LIMON,POCOCI,PANCREAS,81446,5,6.14,HOMBRE,2011
564,LIMON,SIQUIRRES,PANCREAS,32217,1,3.1,HOMBRE,2011
565,LIMON,TALAMANCA,PANCREAS,18065,0,0,HOMBRE,2011
566,LIMON,MATINA,PANCREAS,25619,0,0,HOMBRE,2011
567,LIMON,GUACIMO,PANCREAS,25132,0,0,HOMBRE,2011
568,SAN JOSE,CENTRAL,LEUCEMIAS,176061,6,3.41,HOMBRE,2011
569,SAN JOSE,ESCAZU,LEUCEMIAS,30462,1,3.28,HOMBRE,2011
570,SAN JOSE,DESAMPARADOS,LEUCEMIAS,152103,4,2.63,HOMBRE,2011
571,SAN JOSE,PURISCAL,LEUCEMIAS,15760,1,6.35,HOMBRE,2011
572,SAN JOSE,TARRAZU,LEUCEMIAS,8417,1,11.88,HOMBRE,2011
573,SAN JOSE,ASERRI,LEUCEMIAS,28084,4,14.24,HOMBRE,2011
574,SAN JOSE,MORA,LEUCEMIAS,13686,2,14.61,HOMBRE,2011
575,SAN JOSE,GOICOECHEA,LEUCEMIAS,65633,7,10.67,HOMBRE,2011
576,SAN JOSE,SANTA ANA,LEUCEMIAS,22017,1,4.54,HOMBRE,2011
577,SAN JOSE,ALAJUELITA,LEUCEMIAS,66685,1,1.5,HOMBRE,2011
578,SAN JOSE,CORONADO,LEUCEMIAS,41330,1,2.42,HOMBRE,2011
579,SAN JOSE,ACOSTA,LEUCEMIAS,9987,2,20.03,HOMBRE,2011
580,SAN JOSE,TIBAS,LEUCEMIAS,30106,2,6.64,HOMBRE,2011
581,SAN JOSE,MORAVIA,LEUCEMIAS,27111,0,0,HOMBRE,2011
582,SAN JOSE,MONTES DE OCA,LEUCEMIAS,26539,0,0,HOMBRE,2011
583,SAN JOSE,TURRUBARES,LEUCEMIAS,2390,0,0,HOMBRE,2011
584,SAN JOSE,DOTA,LEUCEMIAS,3338,0,0,HOMBRE,2011
585,SAN JOSE,CURRIDABAT,LEUCEMIAS,36497,3,8.22,HOMBRE,2011
586,SAN JOSE,PEREZ ZELEDON,LEUCEMIAS,65271,1,1.53,HOMBRE,2011
587,SAN JOSE,LEON CORTES,LEUCEMIAS,6824,0,0,HOMBRE,2011
588,ALAJUELA,CENTRAL,LEUCEMIAS,145135,7,4.82,HOMBRE,2011
589,ALAJUELA,SAN RAMON,LEUCEMIAS,45418,0,0,HOMBRE,2011
590,ALAJUELA,GRECIA,LEUCEMIAS,42227,1,2.37,HOMBRE,2011
591,ALAJUELA,SAN MATEO,LEUCEMIAS,2985,0,0,HOMBRE,2011
592,ALAJUELA,ATENAS,LEUCEMIAS,13364,2,14.97,HOMBRE,2011
593,ALAJUELA,NARANJO,LEUCEMIAS,23020,1,4.34,HOMBRE,2011
594,ALAJUELA,PALMARES,LEUCEMIAS,19341,2,10.34,HOMBRE,2011
595,ALAJUELA,POAS,LEUCEMIAS,16256,1,6.15,HOMBRE,2011
596,ALAJUELA,OROTINA,LEUCEMIAS,9581,0,0,HOMBRE,2011
597,ALAJUELA,SAN CARLOS,LEUCEMIAS,77589,5,6.44,HOMBRE,2011
598,ALAJUELA,ALFARO RUIZ,LEUCEMIAS,7789,0,0,HOMBRE,2011
599,ALAJUELA,VALVERDE VEGA,LEUCEMIAS,9140,1,10.94,HOMBRE,2011
600,ALAJUELA,UPALA,LEUCEMIAS,18732,0,0,HOMBRE,2011
601,ALAJUELA,LOS CHILES,LEUCEMIAS,10825,0,0,HOMBRE,2011
602,ALAJUELA,GUATUSO,LEUCEMIAS,8694,0,0,HOMBRE,2011
603,CARTAGO,CENTRAL,LEUCEMIAS,78555,4,5.09,HOMBRE,2011
604,CARTAGO,PARAISO,LEUCEMIAS,35284,2,5.67,HOMBRE,2011
605,CARTAGO,LA UNION,LEUCEMIAS,53721,4,7.45,HOMBRE,2011
606,CARTAGO,JIMENEZ,LEUCEMIAS,7084,0,0,HOMBRE,2011
607,CARTAGO,TURRIALBA,LEUCEMIAS,35962,3,8.34,HOMBRE,2011
608,CARTAGO,ALVARADO,LEUCEMIAS,6990,0,0,HOMBRE,2011
609,CARTAGO,OREAMUNO,LEUCEMIAS,22556,0,0,HOMBRE,2011
610,CARTAGO,EL GUARCO,LEUCEMIAS,19823,1,5.04,HOMBRE,2011
611,HEREDIA,CENTRAL,LEUCEMIAS,67169,6,8.93,HOMBRE,2011
612,HEREDIA,BARVA,LEUCEMIAS,19953,2,10.02,HOMBRE,2011
613,HEREDIA,SANTO DOMINGO,LEUCEMIAS,18957,1,5.28,HOMBRE,2011
614,HEREDIA,SANTA BARBARA,LEUCEMIAS,17747,1,5.63,HOMBRE,2011
615,HEREDIA,SAN RAFAEL,LEUCEMIAS,22062,0,0,HOMBRE,2011
616,HEREDIA,SAN ISIDRO,LEUCEMIAS,11378,0,0,HOMBRE,2011
617,HEREDIA,BELEN,LEUCEMIAS,11832,1,8.45,HOMBRE,2011
618,HEREDIA,FLORES,LEUCEMIAS,8897,0,0,HOMBRE,2011
619,HEREDIA,SAN PABLO,LEUCEMIAS,11720,0,0,HOMBRE,2011
620,HEREDIA,SARAPIQUI,LEUCEMIAS,42040,0,0,HOMBRE,2011
621,GUANACASTE,LIBERIA,LEUCEMIAS,27303,3,10.99,HOMBRE,2011
622,GUANACASTE,NICOYA,LEUCEMIAS,20554,0,0,HOMBRE,2011
623,GUANACASTE,SANTA CRUZ,LEUCEMIAS,22487,1,4.45,HOMBRE,2011
624,GUANACASTE,BAGACES,LEUCEMIAS,9834,1,10.17,HOMBRE,2011
625,GUANACASTE,CARRILLO,LEUCEMIAS,15525,2,12.88,HOMBRE,2011
626,GUANACASTE,CAÑAS,LEUCEMIAS,12664,0,0,HOMBRE,2011
627,GUANACASTE,ABANGARES,LEUCEMIAS,8656,1,11.55,HOMBRE,2011
628,GUANACASTE,TILARAN,LEUCEMIAS,8449,0,0,HOMBRE,2011
629,GUANACASTE,NANDAYURE,LEUCEMIAS,5121,0,0,HOMBRE,2011
630,GUANACASTE,LA CRUZ,LEUCEMIAS,8863,2,22.57,HOMBRE,2011
631,GUANACASTE,HOJANCHA,LEUCEMIAS,3384,0,0,HOMBRE,2011
632,PUNTARENAS,CENTRAL,LEUCEMIAS,54665,3,5.49,HOMBRE,2011
633,PUNTARENAS,ESPARZA,LEUCEMIAS,14249,0,0,HOMBRE,2011
634,PUNTARENAS,BUENOS AIRES,LEUCEMIAS,22558,1,4.43,HOMBRE,2011
635,PUNTARENAS,MONTES DE ORO,LEUCEMIAS,6692,0,0,HOMBRE,2011
636,PUNTARENAS,OSA,LEUCEMIAS,10955,0,0,HOMBRE,2011
637,PUNTARENAS,AGUIRRE,LEUCEMIAS,12897,0,0,HOMBRE,2011
638,PUNTARENAS,GOLFITO,LEUCEMIAS,15238,0,0,HOMBRE,2011
639,PUNTARENAS,COTO BRUS,LEUCEMIAS,17615,1,5.68,HOMBRE,2011
640,PUNTARENAS,PARRITA,LEUCEMIAS,6492,3,46.21,HOMBRE,2011
641,PUNTARENAS,CORREDORES,LEUCEMIAS,16601,0,0,HOMBRE,2011
642,PUNTARENAS,GARABITO,LEUCEMIAS,12489,0,0,HOMBRE,2011
643,LIMON,CENTRAL,LEUCEMIAS,54106,1,1.85,HOMBRE,2011
644,LIMON,POCOCI,LEUCEMIAS,81446,3,3.68,HOMBRE,2011
645,LIMON,SIQUIRRES,LEUCEMIAS,32217,2,6.21,HOMBRE,2011
646,LIMON,TALAMANCA,LEUCEMIAS,18065,0,0,HOMBRE,2011
647,LIMON,MATINA,LEUCEMIAS,25619,0,0,HOMBRE,2011
648,LIMON,GUACIMO,LEUCEMIAS,25132,2,7.96,HOMBRE,2011
649,SAN JOSE,CENTRAL,ENCEFALO,176061,4,2.27,HOMBRE,2011
650,SAN JOSE,ESCAZU,ENCEFALO,30462,3,9.85,HOMBRE,2011
651,SAN JOSE,DESAMPARADOS,ENCEFALO,152103,8,5.26,HOMBRE,2011
652,SAN JOSE,PURISCAL,ENCEFALO,15760,0,0,HOMBRE,2011
653,SAN JOSE,TARRAZU,ENCEFALO,8417,1,11.88,HOMBRE,2011
654,SAN JOSE,ASERRI,ENCEFALO,28084,2,7.12,HOMBRE,2011
655,SAN JOSE,MORA,ENCEFALO,13686,0,0,HOMBRE,2011
656,SAN JOSE,GOICOECHEA,ENCEFALO,65633,2,3.05,HOMBRE,2011
657,SAN JOSE,SANTA ANA,ENCEFALO,22017,2,9.08,HOMBRE,2011
658,SAN JOSE,ALAJUELITA,ENCEFALO,66685,3,4.5,HOMBRE,2011
659,SAN JOSE,CORONADO,ENCEFALO,41330,1,2.42,HOMBRE,2011
660,SAN JOSE,ACOSTA,ENCEFALO,9987,0,0,HOMBRE,2011
661,SAN JOSE,TIBAS,ENCEFALO,30106,1,3.32,HOMBRE,2011
662,SAN JOSE,MORAVIA,ENCEFALO,27111,3,11.07,HOMBRE,2011
663,SAN JOSE,MONTES DE OCA,ENCEFALO,26539,1,3.77,HOMBRE,2011
664,SAN JOSE,TURRUBARES,ENCEFALO,2390,0,0,HOMBRE,2011
665,SAN JOSE,DOTA,ENCEFALO,3338,0,0,HOMBRE,2011
666,SAN JOSE,CURRIDABAT,ENCEFALO,36497,0,0,HOMBRE,2011
667,SAN JOSE,PEREZ ZELEDON,ENCEFALO,65271,3,4.6,HOMBRE,2011
668,SAN JOSE,LEON CORTES,ENCEFALO,6824,1,14.65,HOMBRE,2011
669,ALAJUELA,CENTRAL,ENCEFALO,145135,5,3.45,HOMBRE,2011
670,ALAJUELA,SAN RAMON,ENCEFALO,45418,3,6.61,HOMBRE,2011
671,ALAJUELA,GRECIA,ENCEFALO,42227,1,2.37,HOMBRE,2011
672,ALAJUELA,SAN MATEO,ENCEFALO,2985,0,0,HOMBRE,2011
673,ALAJUELA,ATENAS,ENCEFALO,13364,1,7.48,HOMBRE,2011
674,ALAJUELA,NARANJO,ENCEFALO,23020,0,0,HOMBRE,2011
675,ALAJUELA,PALMARES,ENCEFALO,19341,2,10.34,HOMBRE,2011
676,ALAJUELA,POAS,ENCEFALO,16256,1,6.15,HOMBRE,2011
677,ALAJUELA,OROTINA,ENCEFALO,9581,1,10.44,HOMBRE,2011
678,ALAJUELA,SAN CARLOS,ENCEFALO,77589,1,1.29,HOMBRE,2011
679,ALAJUELA,ALFARO RUIZ,ENCEFALO,7789,0,0,HOMBRE,2011
680,ALAJUELA,VALVERDE VEGA,ENCEFALO,9140,0,0,HOMBRE,2011
681,ALAJUELA,UPALA,ENCEFALO,18732,0,0,HOMBRE,2011
682,ALAJUELA,LOS CHILES,ENCEFALO,10825,0,0,HOMBRE,2011
683,ALAJUELA,GUATUSO,ENCEFALO,8694,0,0,HOMBRE,2011
684,CARTAGO,CENTRAL,ENCEFALO,78555,4,5.09,HOMBRE,2011
685,CARTAGO,PARAISO,ENCEFALO,35284,0,0,HOMBRE,2011
686,CARTAGO,LA UNION,ENCEFALO,53721,0,0,HOMBRE,2011
687,CARTAGO,JIMENEZ,ENCEFALO,7084,0,0,HOMBRE,2011
688,CARTAGO,TURRIALBA,ENCEFALO,35962,4,11.12,HOMBRE,2011
689,CARTAGO,ALVARADO,ENCEFALO,6990,0,0,HOMBRE,2011
690,CARTAGO,OREAMUNO,ENCEFALO,22556,2,8.87,HOMBRE,2011
691,CARTAGO,EL GUARCO,ENCEFALO,19823,0,0,HOMBRE,2011
692,HEREDIA,CENTRAL,ENCEFALO,67169,2,2.98,HOMBRE,2011
693,HEREDIA,BARVA,ENCEFALO,19953,0,0,HOMBRE,2011
694,HEREDIA,SANTO DOMINGO,ENCEFALO,18957,0,0,HOMBRE,2011
695,HEREDIA,SANTA BARBARA,ENCEFALO,17747,0,0,HOMBRE,2011
696,HEREDIA,SAN RAFAEL,ENCEFALO,22062,1,4.53,HOMBRE,2011
697,HEREDIA,SAN ISIDRO,ENCEFALO,11378,0,0,HOMBRE,2011
698,HEREDIA,BELEN,ENCEFALO,11832,0,0,HOMBRE,2011
699,HEREDIA,FLORES,ENCEFALO,8897,0,0,HOMBRE,2011
700,HEREDIA,SAN PABLO,ENCEFALO,11720,0,0,HOMBRE,2011
701,HEREDIA,SARAPIQUI,ENCEFALO,42040,0,0,HOMBRE,2011
702,GUANACASTE,LIBERIA,ENCEFALO,27303,0,0,HOMBRE,2011
703,GUANACASTE,NICOYA,ENCEFALO,20554,2,9.73,HOMBRE,2011
704,GUANACASTE,SANTA CRUZ,ENCEFALO,22487,0,0,HOMBRE,2011
705,GUANACASTE,BAGACES,ENCEFALO,9834,0,0,HOMBRE,2011
706,GUANACASTE,CARRILLO,ENCEFALO,15525,0,0,HOMBRE,2011
707,GUANACASTE,CAÑAS,ENCEFALO,12664,0,0,HOMBRE,2011
708,GUANACASTE,ABANGARES,ENCEFALO,8656,0,0,HOMBRE,2011
709,GUANACASTE,TILARAN,ENCEFALO,8449,0,0,HOMBRE,2011
710,GUANACASTE,NANDAYURE,ENCEFALO,5121,0,0,HOMBRE,2011
711,GUANACASTE,LA CRUZ,ENCEFALO,8863,0,0,HOMBRE,2011
712,GUANACASTE,HOJANCHA,ENCEFALO,3384,0,0,HOMBRE,2011
713,PUNTARENAS,CENTRAL,ENCEFALO,54665,1,1.83,HOMBRE,2011
714,PUNTARENAS,ESPARZA,ENCEFALO,14249,0,0,HOMBRE,2011
715,PUNTARENAS,BUENOS AIRES,ENCEFALO,22558,0,0,HOMBRE,2011
716,PUNTARENAS,MONTES DE ORO,ENCEFALO,6692,0,0,HOMBRE,2011
717,PUNTARENAS,OSA,ENCEFALO,10955,0,0,HOMBRE,2011
718,PUNTARENAS,AGUIRRE,ENCEFALO,12897,0,0,HOMBRE,2011
719,PUNTARENAS,GOLFITO,ENCEFALO,15238,0,0,HOMBRE,2011
720,PUNTARENAS,COTO BRUS,ENCEFALO,17615,0,0,HOMBRE,2011
721,PUNTARENAS,PARRITA,ENCEFALO,6492,0,0,HOMBRE,2011
722,PUNTARENAS,CORREDORES,ENCEFALO,16601,2,12.05,HOMBRE,2011
723,PUNTARENAS,GARABITO,ENCEFALO,12489,0,0,HOMBRE,2011
724,LIMON,CENTRAL,ENCEFALO,54106,0,0,HOMBRE,2011
725,LIMON,POCOCI,ENCEFALO,81446,1,1.23,HOMBRE,2011
726,LIMON,SIQUIRRES,ENCEFALO,32217,0,0,HOMBRE,2011
727,LIMON,TALAMANCA,ENCEFALO,18065,0,0,HOMBRE,2011
728,LIMON,MATINA,ENCEFALO,25619,0,0,HOMBRE,2011
729,LIMON,GUACIMO,ENCEFALO,25132,0,0,HOMBRE,2011
730,SAN JOSE,CENTRAL,RIÑON,176061,3,1.7,HOMBRE,2011
731,SAN JOSE,ESCAZU,RIÑON,30462,0,0,HOMBRE,2011
732,SAN JOSE,DESAMPARADOS,RIÑON,152103,4,2.63,HOMBRE,2011
733,SAN JOSE,PURISCAL,RIÑON,15760,1,6.35,HOMBRE,2011
734,SAN JOSE,TARRAZU,RIÑON,8417,0,0,HOMBRE,2011
735,SAN JOSE,ASERRI,RIÑON,28084,2,7.12,HOMBRE,2011
736,SAN JOSE,MORA,RIÑON,13686,1,7.31,HOMBRE,2011
737,SAN JOSE,GOICOECHEA,RIÑON,65633,3,4.57,HOMBRE,2011
738,SAN JOSE,SANTA ANA,RIÑON,22017,0,0,HOMBRE,2011
739,SAN JOSE,ALAJUELITA,RIÑON,66685,0,0,HOMBRE,2011
740,SAN JOSE,CORONADO,RIÑON,41330,0,0,HOMBRE,2011
741,SAN JOSE,ACOSTA,RIÑON,9987,0,0,HOMBRE,2011
742,SAN JOSE,TIBAS,RIÑON,30106,1,3.32,HOMBRE,2011
743,SAN JOSE,MORAVIA,RIÑON,27111,2,7.38,HOMBRE,2011
744,SAN JOSE,MONTES DE OCA,RIÑON,26539,3,11.3,HOMBRE,2011
745,SAN JOSE,TURRUBARES,RIÑON,2390,1,41.84,HOMBRE,2011
746,SAN JOSE,DOTA,RIÑON,3338,0,0,HOMBRE,2011
747,SAN JOSE,CURRIDABAT,RIÑON,36497,1,2.74,HOMBRE,2011
748,SAN JOSE,PEREZ ZELEDON,RIÑON,65271,0,0,HOMBRE,2011
749,SAN JOSE,LEON CORTES,RIÑON,6824,1,14.65,HOMBRE,2011
750,ALAJUELA,CENTRAL,RIÑON,145135,2,1.38,HOMBRE,2011
751,ALAJUELA,SAN RAMON,RIÑON,45418,2,4.4,HOMBRE,2011
752,ALAJUELA,GRECIA,RIÑON,42227,0,0,HOMBRE,2011
753,ALAJUELA,SAN MATEO,RIÑON,2985,0,0,HOMBRE,2011
754,ALAJUELA,ATENAS,RIÑON,13364,1,7.48,HOMBRE,2011
755,ALAJUELA,NARANJO,RIÑON,23020,0,0,HOMBRE,2011
756,ALAJUELA,PALMARES,RIÑON,19341,0,0,HOMBRE,2011
757,ALAJUELA,POAS,RIÑON,16256,0,0,HOMBRE,2011
758,ALAJUELA,OROTINA,RIÑON,9581,1,10.44,HOMBRE,2011
759,ALAJUELA,SAN CARLOS,RIÑON,77589,0,0,HOMBRE,2011
760,ALAJUELA,ALFARO RUIZ,RIÑON,7789,0,0,HOMBRE,2011
761,ALAJUELA,VALVERDE VEGA,RIÑON,9140,0,0,HOMBRE,2011
762,ALAJUELA,UPALA,RIÑON,18732,0,0,HOMBRE,2011
763,ALAJUELA,LOS CHILES,RIÑON,10825,0,0,HOMBRE,2011
764,ALAJUELA,GUATUSO,RIÑON,8694,0,0,HOMBRE,2011
765,CARTAGO,CENTRAL,RIÑON,78555,2,2.55,HOMBRE,2011
766,CARTAGO,PARAISO,RIÑON,35284,0,0,HOMBRE,2011
767,CARTAGO,LA UNION,RIÑON,53721,1,1.86,HOMBRE,2011
768,CARTAGO,JIMENEZ,RIÑON,7084,0,0,HOMBRE,2011
769,CARTAGO,TURRIALBA,RIÑON,35962,0,0,HOMBRE,2011
770,CARTAGO,ALVARADO,RIÑON,6990,0,0,HOMBRE,2011
771,CARTAGO,OREAMUNO,RIÑON,22556,0,0,HOMBRE,2011
772,CARTAGO,EL GUARCO,RIÑON,19823,1,5.04,HOMBRE,2011
773,HEREDIA,CENTRAL,RIÑON,67169,2,2.98,HOMBRE,2011
774,HEREDIA,BARVA,RIÑON,19953,0,0,HOMBRE,2011
775,HEREDIA,SANTO DOMINGO,RIÑON,18957,0,0,HOMBRE,2011
776,HEREDIA,SANTA BARBARA,RIÑON,17747,0,0,HOMBRE,2011
777,HEREDIA,SAN RAFAEL,RIÑON,22062,1,4.53,HOMBRE,2011
778,HEREDIA,SAN ISIDRO,RIÑON,11378,2,17.58,HOMBRE,2011
779,HEREDIA,BELEN,RIÑON,11832,0,0,HOMBRE,2011
780,HEREDIA,FLORES,RIÑON,8897,0,0,HOMBRE,2011
781,HEREDIA,SAN PABLO,RIÑON,11720,0,0,HOMBRE,2011
782,HEREDIA,SARAPIQUI,RIÑON,42040,0,0,HOMBRE,2011
783,GUANACASTE,LIBERIA,RIÑON,27303,0,0,HOMBRE,2011
784,GUANACASTE,NICOYA,RIÑON,20554,0,0,HOMBRE,2011
785,GUANACASTE,SANTA CRUZ,RIÑON,22487,0,0,HOMBRE,2011
786,GUANACASTE,BAGACES,RIÑON,9834,0,0,HOMBRE,2011
787,GUANACASTE,CARRILLO,RIÑON,15525,0,0,HOMBRE,2011
788,GUANACASTE,CAÑAS,RIÑON,12664,0,0,HOMBRE,2011
789,GUANACASTE,ABANGARES,RIÑON,8656,0,0,HOMBRE,2011
790,GUANACASTE,TILARAN,RIÑON,8449,0,0,HOMBRE,2011
791,GUANACASTE,NANDAYURE,RIÑON,5121,0,0,HOMBRE,2011
792,GUANACASTE,LA CRUZ,RIÑON,8863,0,0,HOMBRE,2011
793,GUANACASTE,HOJANCHA,RIÑON,3384,0,0,HOMBRE,2011
794,PUNTARENAS,CENTRAL,RIÑON,54665,2,3.66,HOMBRE,2011
795,PUNTARENAS,ESPARZA,RIÑON,14249,2,14.04,HOMBRE,2011
796,PUNTARENAS,BUENOS AIRES,RIÑON,22558,1,4.43,HOMBRE,2011
797,PUNTARENAS,MONTES DE ORO,RIÑON,6692,0,0,HOMBRE,2011
798,PUNTARENAS,OSA,RIÑON,10955,0,0,HOMBRE,2011
799,PUNTARENAS,AGUIRRE,RIÑON,12897,0,0,HOMBRE,2011
800,PUNTARENAS,GOLFITO,RIÑON,15238,2,13.13,HOMBRE,2011
801,PUNTARENAS,COTO BRUS,RIÑON,17615,0,0,HOMBRE,2011
802,PUNTARENAS,PARRITA,RIÑON,6492,1,15.4,HOMBRE,2011
803,PUNTARENAS,CORREDORES,RIÑON,16601,0,0,HOMBRE,2011
804,PUNTARENAS,GARABITO,RIÑON,12489,0,0,HOMBRE,2011
805,LIMON,CENTRAL,RIÑON,54106,0,0,HOMBRE,2011
806,LIMON,POCOCI,RIÑON,81446,5,6.14,HOMBRE,2011
807,LIMON,SIQUIRRES,RIÑON,32217,1,3.1,HOMBRE,2011
808,LIMON,TALAMANCA,RIÑON,18065,0,0,HOMBRE,2011
809,LIMON,MATINA,RIÑON,25619,0,0,HOMBRE,2011
810,LIMON,GUACIMO,RIÑON,25132,0,0,HOMBRE,2011
811,SAN JOSE,CENTRAL,MAMA,175893,28,15.92,MUJER,2011
812,SAN JOSE,ESCAZU,MAMA,30793,4,12.99,MUJER,2011
813,SAN JOSE,DESAMPARADOS,MAMA,152511,12,7.87,MUJER,2011
814,SAN JOSE,PURISCAL,MAMA,15429,0,0,MUJER,2011
815,SAN JOSE,TARRAZU,MAMA,8222,1,12.16,MUJER,2011
816,SAN JOSE,ASERRI,MAMA,27409,2,7.3,MUJER,2011
817,SAN JOSE,MORA,MAMA,13588,2,14.72,MUJER,2011
818,SAN JOSE,GOICOECHEA,MAMA,66742,11,16.48,MUJER,2011
819,SAN JOSE,SANTA ANA,MAMA,22307,4,17.93,MUJER,2011
820,SAN JOSE,ALAJUELITA,MAMA,65045,4,6.15,MUJER,2011
821,SAN JOSE,CORONADO,MAMA,42083,5,11.88,MUJER,2011
822,SAN JOSE,ACOSTA,MAMA,9297,1,10.76,MUJER,2011
823,SAN JOSE,TIBAS,MAMA,30752,7,22.76,MUJER,2011
824,SAN JOSE,MORAVIA,MAMA,27906,5,17.92,MUJER,2011
825,SAN JOSE,MONTES DE OCA,MAMA,27827,4,14.37,MUJER,2011
826,SAN JOSE,TURRUBARES,MAMA,2206,0,0,MUJER,2011
827,SAN JOSE,DOTA,MAMA,3279,1,30.5,MUJER,2011
828,SAN JOSE,CURRIDABAT,MAMA,36772,3,8.16,MUJER,2011
829,SAN JOSE,PEREZ ZELEDON,MAMA,65117,7,10.75,MUJER,2011
830,SAN JOSE,LEON CORTES,MAMA,6596,0,0,MUJER,2011
831,ALAJUELA,CENTRAL,MAMA,142076,20,14.08,MUJER,2011
832,ALAJUELA,SAN RAMON,MAMA,44442,6,13.5,MUJER,2011
833,ALAJUELA,GRECIA,MAMA,40794,3,7.35,MUJER,2011
834,ALAJUELA,SAN MATEO,MAMA,2814,0,0,MUJER,2011
835,ALAJUELA,ATENAS,MAMA,12906,0,0,MUJER,2011
836,ALAJUELA,NARANJO,MAMA,22761,1,4.39,MUJER,2011
837,ALAJUELA,PALMARES,MAMA,19240,5,25.99,MUJER,2011
838,ALAJUELA,POAS,MAMA,15507,1,6.45,MUJER,2011
839,ALAJUELA,OROTINA,MAMA,9446,1,10.59,MUJER,2011
840,ALAJUELA,SAN CARLOS,MAMA,73780,5,6.78,MUJER,2011
841,ALAJUELA,ALFARO RUIZ,MAMA,7462,0,0,MUJER,2011
842,ALAJUELA,VALVERDE VEGA,MAMA,9143,0,0,MUJER,2011
843,ALAJUELA,UPALA,MAMA,17409,1,5.74,MUJER,2011
844,ALAJUELA,LOS CHILES,MAMA,9808,0,0,MUJER,2011
845,ALAJUELA,GUATUSO,MAMA,7887,1,12.68,MUJER,2011
846,CARTAGO,CENTRAL,MAMA,78371,14,17.86,MUJER,2011
847,CARTAGO,PARAISO,MAMA,34665,2,5.77,MUJER,2011
848,CARTAGO,LA UNION,MAMA,53959,5,9.27,MUJER,2011
849,CARTAGO,JIMENEZ,MAMA,6636,1,15.07,MUJER,2011
850,CARTAGO,TURRIALBA,MAMA,34412,5,14.53,MUJER,2011
851,CARTAGO,ALVARADO,MAMA,6717,0,0,MUJER,2011
852,CARTAGO,OREAMUNO,MAMA,22275,2,8.98,MUJER,2011
853,CARTAGO,EL GUARCO,MAMA,18375,2,10.88,MUJER,2011
854,HEREDIA,CENTRAL,MAMA,67648,7,10.35,MUJER,2011
855,HEREDIA,BARVA,MAMA,19540,0,0,MUJER,2011
856,HEREDIA,SANTO DOMINGO,MAMA,18583,3,16.14,MUJER,2011
857,HEREDIA,SANTA BARBARA,MAMA,17095,5,29.25,MUJER,2011
858,HEREDIA,SAN RAFAEL,MAMA,21667,1,4.62,MUJER,2011
859,HEREDIA,SAN ISIDRO,MAMA,11029,2,18.13,MUJER,2011
860,HEREDIA,BELEN,MAMA,11808,1,8.47,MUJER,2011
861,HEREDIA,FLORES,MAMA,8847,3,33.91,MUJER,2011
862,HEREDIA,SAN PABLO,MAMA,12105,2,16.52,MUJER,2011
863,HEREDIA,SARAPIQUI,MAMA,36252,1,2.76,MUJER,2011
864,GUANACASTE,LIBERIA,MAMA,26993,3,11.11,MUJER,2011
865,GUANACASTE,NICOYA,MAMA,20319,6,29.53,MUJER,2011
866,GUANACASTE,SANTA CRUZ,MAMA,21512,3,13.95,MUJER,2011
867,GUANACASTE,BAGACES,MAMA,9327,1,10.72,MUJER,2011
868,GUANACASTE,CARRILLO,MAMA,14704,2,13.6,MUJER,2011
869,GUANACASTE,CAÑAS,MAMA,12021,2,16.64,MUJER,2011
870,GUANACASTE,ABANGARES,MAMA,8101,1,12.34,MUJER,2011
871,GUANACASTE,TILARAN,MAMA,8126,0,0,MUJER,2011
872,GUANACASTE,NANDAYURE,MAMA,4675,0,0,MUJER,2011
873,GUANACASTE,LA CRUZ,MAMA,8443,1,11.84,MUJER,2011
874,GUANACASTE,HOJANCHA,MAMA,3171,1,31.54,MUJER,2011
875,PUNTARENAS,CENTRAL,MAMA,51128,9,17.6,MUJER,2011
876,PUNTARENAS,ESPARZA,MAMA,14030,1,7.13,MUJER,2011
877,PUNTARENAS,BUENOS AIRES,MAMA,20907,2,9.57,MUJER,2011
878,PUNTARENAS,MONTES DE ORO,MAMA,6620,1,15.11,MUJER,2011
879,PUNTARENAS,OSA,MAMA,9822,0,0,MUJER,2011
880,PUNTARENAS,AGUIRRE,MAMA,11462,1,8.72,MUJER,2011
881,PUNTARENAS,GOLFITO,MAMA,14259,0,0,MUJER,2011
882,PUNTARENAS,COTO BRUS,MAMA,17172,0,0,MUJER,2011
883,PUNTARENAS,PARRITA,MAMA,5992,1,16.69,MUJER,2011
884,PUNTARENAS,CORREDORES,MAMA,15680,4,25.51,MUJER,2011
885,PUNTARENAS,GARABITO,MAMA,10900,0,0,MUJER,2011
886,LIMON,CENTRAL,MAMA,51405,11,21.4,MUJER,2011
887,LIMON,POCOCI,MAMA,72826,2,2.75,MUJER,2011
888,LIMON,SIQUIRRES,MAMA,29042,5,17.22,MUJER,2011
889,LIMON,TALAMANCA,MAMA,15943,0,0,MUJER,2011
890,LIMON,MATINA,MAMA,22584,2,8.86,MUJER,2011
891,LIMON,GUACIMO,MAMA,23246,2,8.6,MUJER,2011
892,SAN JOSE,CENTRAL,"ESTOMAGO	",175893,17,9.66,MUJER,2011
893,SAN JOSE,ESCAZU,"ESTOMAGO	",30793,4,12.99,MUJER,2011
894,SAN JOSE,DESAMPARADOS,"ESTOMAGO	",152511,13,8.52,MUJER,2011
895,SAN JOSE,PURISCAL,"ESTOMAGO	",15429,3,19.44,MUJER,2011
896,SAN JOSE,TARRAZU,"ESTOMAGO	",8222,1,12.16,MUJER,2011
897,SAN JOSE,ASERRI,"ESTOMAGO	",27409,3,10.95,MUJER,2011
898,SAN JOSE,MORA,"ESTOMAGO	",13588,2,14.72,MUJER,2011
899,SAN JOSE,GOICOECHEA,"ESTOMAGO	",66742,13,19.48,MUJER,2011
900,SAN JOSE,SANTA ANA,"ESTOMAGO	",22307,6,26.9,MUJER,2011
901,SAN JOSE,ALAJUELITA,"ESTOMAGO	",65045,1,1.54,MUJER,2011
902,SAN JOSE,CORONADO,"ESTOMAGO	",42083,3,7.13,MUJER,2011
903,SAN JOSE,ACOSTA,"ESTOMAGO	",9297,1,10.76,MUJER,2011
904,SAN JOSE,TIBAS,"ESTOMAGO	",30752,1,3.25,MUJER,2011
905,SAN JOSE,MORAVIA,"ESTOMAGO	",27906,4,14.33,MUJER,2011
906,SAN JOSE,MONTES DE OCA,"ESTOMAGO	",27827,4,14.37,MUJER,2011
907,SAN JOSE,TURRUBARES,"ESTOMAGO	",2206,2,90.66,MUJER,2011
908,SAN JOSE,DOTA,"ESTOMAGO	",3279,1,30.5,MUJER,2011
909,SAN JOSE,CURRIDABAT,"ESTOMAGO	",36772,1,2.72,MUJER,2011
910,SAN JOSE,PEREZ ZELEDON,"ESTOMAGO	",65117,1,1.54,MUJER,2011
911,SAN JOSE,LEON CORTES,"ESTOMAGO	",6596,3,45.48,MUJER,2011
912,ALAJUELA,CENTRAL,"ESTOMAGO	",142076,14,9.85,MUJER,2011
913,ALAJUELA,SAN RAMON,"ESTOMAGO	",44442,1,2.25,MUJER,2011
914,ALAJUELA,GRECIA,"ESTOMAGO	",40794,2,4.9,MUJER,2011
915,ALAJUELA,SAN MATEO,"ESTOMAGO	",2814,1,35.54,MUJER,2011
916,ALAJUELA,ATENAS,"ESTOMAGO	",12906,3,23.25,MUJER,2011
917,ALAJUELA,NARANJO,"ESTOMAGO	",22761,3,13.18,MUJER,2011
918,ALAJUELA,PALMARES,"ESTOMAGO	",19240,2,10.4,MUJER,2011
919,ALAJUELA,POAS,"ESTOMAGO	",15507,2,12.9,MUJER,2011
920,ALAJUELA,OROTINA,"ESTOMAGO	",9446,0,0,MUJER,2011
921,ALAJUELA,SAN CARLOS,"ESTOMAGO	",73780,6,8.13,MUJER,2011
922,ALAJUELA,ALFARO RUIZ,"ESTOMAGO	",7462,3,40.2,MUJER,2011
923,ALAJUELA,VALVERDE VEGA,"ESTOMAGO	",9143,1,10.94,MUJER,2011
924,ALAJUELA,UPALA,"ESTOMAGO	",17409,2,11.49,MUJER,2011
925,ALAJUELA,LOS CHILES,"ESTOMAGO	",9808,0,0,MUJER,2011
926,ALAJUELA,GUATUSO,"ESTOMAGO	",7887,0,0,MUJER,2011
927,CARTAGO,CENTRAL,"ESTOMAGO	",78371,7,8.93,MUJER,2011
928,CARTAGO,PARAISO,"ESTOMAGO	",34665,3,8.65,MUJER,2011
929,CARTAGO,LA UNION,"ESTOMAGO	",53959,3,5.56,MUJER,2011
930,CARTAGO,JIMENEZ,"ESTOMAGO	",6636,0,0,MUJER,2011
931,CARTAGO,TURRIALBA,"ESTOMAGO	",34412,4,11.62,MUJER,2011
932,CARTAGO,ALVARADO,"ESTOMAGO	",6717,0,0,MUJER,2011
933,CARTAGO,OREAMUNO,"ESTOMAGO	",22275,1,4.49,MUJER,2011
934,CARTAGO,EL GUARCO,"ESTOMAGO	",18375,2,10.88,MUJER,2011
935,HEREDIA,CENTRAL,"ESTOMAGO	",67648,7,10.35,MUJER,2011
936,HEREDIA,BARVA,"ESTOMAGO	",19540,5,25.59,MUJER,2011
937,HEREDIA,SANTO DOMINGO,"ESTOMAGO	",18583,1,5.38,MUJER,2011
938,HEREDIA,SANTA BARBARA,"ESTOMAGO	",17095,2,11.7,MUJER,2011
939,HEREDIA,SAN RAFAEL,"ESTOMAGO	",21667,0,0,MUJER,2011
940,HEREDIA,SAN ISIDRO,"ESTOMAGO	",11029,3,27.2,MUJER,2011
941,HEREDIA,BELEN,"ESTOMAGO	",11808,0,0,MUJER,2011
942,HEREDIA,FLORES,"ESTOMAGO	",8847,0,0,MUJER,2011
943,HEREDIA,SAN PABLO,"ESTOMAGO	",12105,0,0,MUJER,2011
944,HEREDIA,SARAPIQUI,"ESTOMAGO	",36252,2,5.52,MUJER,2011
945,GUANACASTE,LIBERIA,"ESTOMAGO	",26993,2,7.41,MUJER,2011
946,GUANACASTE,NICOYA,"ESTOMAGO	",20319,6,29.53,MUJER,2011
947,GUANACASTE,SANTA CRUZ,"ESTOMAGO	",21512,2,9.3,MUJER,2011
948,GUANACASTE,BAGACES,"ESTOMAGO	",9327,2,21.44,MUJER,2011
949,GUANACASTE,CARRILLO,"ESTOMAGO	",14704,1,6.8,MUJER,2011
950,GUANACASTE,CAÑAS,"ESTOMAGO	",12021,0,0,MUJER,2011
951,GUANACASTE,ABANGARES,"ESTOMAGO	",8101,0,0,MUJER,2011
952,GUANACASTE,TILARAN,"ESTOMAGO	",8126,2,24.61,MUJER,2011
953,GUANACASTE,NANDAYURE,"ESTOMAGO	",4675,0,0,MUJER,2011
954,GUANACASTE,LA CRUZ,"ESTOMAGO	",8443,0,0,MUJER,2011
955,GUANACASTE,HOJANCHA,"ESTOMAGO	",3171,1,31.54,MUJER,2011
956,PUNTARENAS,CENTRAL,"ESTOMAGO	",51128,10,19.56,MUJER,2011
957,PUNTARENAS,ESPARZA,"ESTOMAGO	",14030,1,7.13,MUJER,2011
958,PUNTARENAS,BUENOS AIRES,"ESTOMAGO	",20907,0,0,MUJER,2011
959,PUNTARENAS,MONTES DE ORO,"ESTOMAGO	",6620,1,15.11,MUJER,2011
960,PUNTARENAS,OSA,"ESTOMAGO	",9822,0,0,MUJER,2011
961,PUNTARENAS,AGUIRRE,"ESTOMAGO	",11462,1,8.72,MUJER,2011
962,PUNTARENAS,GOLFITO,"ESTOMAGO	",14259,4,28.05,MUJER,2011
963,PUNTARENAS,COTO BRUS,"ESTOMAGO	",17172,1,5.82,MUJER,2011
964,PUNTARENAS,PARRITA,"ESTOMAGO	",5992,0,0,MUJER,2011
965,PUNTARENAS,CORREDORES,"ESTOMAGO	",15680,3,19.13,MUJER,2011
966,PUNTARENAS,GARABITO,"ESTOMAGO	",10900,0,0,MUJER,2011
967,LIMON,CENTRAL,"ESTOMAGO	",51405,3,5.84,MUJER,2011
968,LIMON,POCOCI,"ESTOMAGO	",72826,5,6.87,MUJER,2011
969,LIMON,SIQUIRRES,"ESTOMAGO	",29042,3,10.33,MUJER,2011
970,LIMON,TALAMANCA,"ESTOMAGO	",15943,1,6.27,MUJER,2011
971,LIMON,MATINA,"ESTOMAGO	",22584,1,4.43,MUJER,2011
972,LIMON,GUACIMO,ESTOMAGO,23246,0,0,MUJER,2011
973,SAN JOSE,CENTRAL,COLON,175893,17,9.66,MUJER,2011
974,SAN JOSE,ESCAZU,COLON,30793,3,9.74,MUJER,2011
975,SAN JOSE,DESAMPARADOS,COLON,152511,12,7.87,MUJER,2011
976,SAN JOSE,PURISCAL,COLON,15429,2,12.96,MUJER,2011
977,SAN JOSE,TARRAZU,COLON,8222,1,12.16,MUJER,2011
978,SAN JOSE,ASERRI,COLON,27409,3,10.95,MUJER,2011
979,SAN JOSE,MORA,COLON,13588,0,0,MUJER,2011
980,SAN JOSE,GOICOECHEA,COLON,66742,1,1.5,MUJER,2011
981,SAN JOSE,SANTA ANA,COLON,22307,4,17.93,MUJER,2011
982,SAN JOSE,ALAJUELITA,COLON,65045,3,4.61,MUJER,2011
983,SAN JOSE,CORONADO,COLON,42083,3,7.13,MUJER,2011
984,SAN JOSE,ACOSTA,COLON,9297,2,21.51,MUJER,2011
985,SAN JOSE,TIBAS,COLON,30752,4,13.01,MUJER,2011
986,SAN JOSE,MORAVIA,COLON,27906,4,14.33,MUJER,2011
987,SAN JOSE,MONTES DE OCA,COLON,27827,0,0,MUJER,2011
988,SAN JOSE,TURRUBARES,COLON,2206,0,0,MUJER,2011
989,SAN JOSE,DOTA,COLON,3279,0,0,MUJER,2011
990,SAN JOSE,CURRIDABAT,COLON,36772,2,5.44,MUJER,2011
991,SAN JOSE,PEREZ ZELEDON,COLON,65117,6,9.21,MUJER,2011
992,SAN JOSE,LEON CORTES,COLON,6596,1,15.16,MUJER,2011
993,ALAJUELA,CENTRAL,COLON,142076,9,6.33,MUJER,2011
994,ALAJUELA,SAN RAMON,COLON,44442,3,6.75,MUJER,2011
995,ALAJUELA,GRECIA,COLON,40794,4,9.81,MUJER,2011
996,ALAJUELA,SAN MATEO,COLON,2814,0,0,MUJER,2011
997,ALAJUELA,ATENAS,COLON,12906,0,0,MUJER,2011
998,ALAJUELA,NARANJO,COLON,22761,1,4.39,MUJER,2011
999,ALAJUELA,PALMARES,COLON,19240,0,0,MUJER,2011
1000,ALAJUELA,POAS,COLON,15507,0,0,MUJER,2011
1001,ALAJUELA,OROTINA,COLON,9446,0,0,MUJER,2011
1002,ALAJUELA,SAN CARLOS,COLON,73780,5,6.78,MUJER,2011
1003,ALAJUELA,ALFARO RUIZ,COLON,7462,1,13.4,MUJER,2011
1004,ALAJUELA,VALVERDE VEGA,COLON,9143,0,0,MUJER,2011
1005,ALAJUELA,UPALA,COLON,17409,0,0,MUJER,2011
1006,ALAJUELA,LOS CHILES,COLON,9808,0,0,MUJER,2011
1007,ALAJUELA,GUATUSO,COLON,7887,0,0,MUJER,2011
1008,CARTAGO,CENTRAL,COLON,78371,6,7.66,MUJER,2011
1009,CARTAGO,PARAISO,COLON,34665,1,2.88,MUJER,2011
1010,CARTAGO,LA UNION,COLON,53959,2,3.71,MUJER,2011
1011,CARTAGO,JIMENEZ,COLON,6636,1,15.07,MUJER,2011
1012,CARTAGO,TURRIALBA,COLON,34412,1,2.91,MUJER,2011
1013,CARTAGO,ALVARADO,COLON,6717,0,0,MUJER,2011
1014,CARTAGO,OREAMUNO,COLON,22275,1,4.49,MUJER,2011
1015,CARTAGO,EL GUARCO,COLON,18375,1,5.44,MUJER,2011
1016,HEREDIA,CENTRAL,COLON,67648,5,7.39,MUJER,2011
1017,HEREDIA,BARVA,COLON,19540,0,0,MUJER,2011
1018,HEREDIA,SANTO DOMINGO,COLON,18583,6,32.29,MUJER,2011
1019,HEREDIA,SANTA BARBARA,COLON,17095,3,17.55,MUJER,2011
1020,HEREDIA,SAN RAFAEL,COLON,21667,5,23.08,MUJER,2011
1021,HEREDIA,SAN ISIDRO,COLON,11029,2,18.13,MUJER,2011
1022,HEREDIA,BELEN,COLON,11808,1,8.47,MUJER,2011
1023,HEREDIA,FLORES,COLON,8847,0,0,MUJER,2011
1024,HEREDIA,SAN PABLO,COLON,12105,3,24.78,MUJER,2011
1025,HEREDIA,SARAPIQUI,COLON,36252,0,0,MUJER,2011
1026,GUANACASTE,LIBERIA,COLON,26993,3,11.11,MUJER,2011
1027,GUANACASTE,NICOYA,COLON,20319,2,9.84,MUJER,2011
1028,GUANACASTE,SANTA CRUZ,COLON,21512,1,4.65,MUJER,2011
1029,GUANACASTE,BAGACES,COLON,9327,2,21.44,MUJER,2011
1030,GUANACASTE,CARRILLO,COLON,14704,1,6.8,MUJER,2011
1031,GUANACASTE,CAÑAS,COLON,12021,0,0,MUJER,2011
1032,GUANACASTE,ABANGARES,COLON,8101,0,0,MUJER,2011
1033,GUANACASTE,TILARAN,COLON,8126,2,24.61,MUJER,2011
1034,GUANACASTE,NANDAYURE,COLON,4675,0,0,MUJER,2011
1035,GUANACASTE,LA CRUZ,COLON,8443,2,23.69,MUJER,2011
1036,GUANACASTE,HOJANCHA,COLON,3171,0,0,MUJER,2011
1037,PUNTARENAS,CENTRAL,COLON,51128,1,1.96,MUJER,2011
1038,PUNTARENAS,ESPARZA,COLON,14030,2,14.26,MUJER,2011
1039,PUNTARENAS,BUENOS AIRES,COLON,20907,0,0,MUJER,2011
1040,PUNTARENAS,MONTES DE ORO,COLON,6620,0,0,MUJER,2011
1041,PUNTARENAS,OSA,COLON,9822,0,0,MUJER,2011
1042,PUNTARENAS,AGUIRRE,COLON,11462,1,8.72,MUJER,2011
1043,PUNTARENAS,GOLFITO,COLON,14259,3,21.04,MUJER,2011
1044,PUNTARENAS,COTO BRUS,COLON,17172,2,11.65,MUJER,2011
1045,PUNTARENAS,PARRITA,COLON,5992,1,16.69,MUJER,2011
1046,PUNTARENAS,CORREDORES,COLON,15680,1,6.38,MUJER,2011
1047,PUNTARENAS,GARABITO,COLON,10900,0,0,MUJER,2011
1048,LIMON,CENTRAL,COLON,51405,1,1.95,MUJER,2011
1049,LIMON,POCOCI,COLON,72826,0,0,MUJER,2011
1050,LIMON,SIQUIRRES,COLON,29042,0,0,MUJER,2011
1051,LIMON,TALAMANCA,COLON,15943,0,0,MUJER,2011
1052,LIMON,MATINA,COLON,22584,3,13.28,MUJER,2011
1053,LIMON,GUACIMO,COLON,23246,1,4.3,MUJER,2011
1054,SAN JOSE,CENTRAL,CUELLO DEL UTERO,175893,5,2.84,MUJER,2011
1055,SAN JOSE,ESCAZU,CUELLO DEL UTERO,30793,2,6.49,MUJER,2011
1056,SAN JOSE,DESAMPARADOS,CUELLO DEL UTERO,152511,9,5.9,MUJER,2011
1057,SAN JOSE,PURISCAL,CUELLO DEL UTERO,15429,0,0,MUJER,2011
1058,SAN JOSE,TARRAZU,CUELLO DEL UTERO,8222,0,0,MUJER,2011
1059,SAN JOSE,ASERRI,CUELLO DEL UTERO,27409,2,7.3,MUJER,2011
1060,SAN JOSE,MORA,CUELLO DEL UTERO,13588,0,0,MUJER,2011
1061,SAN JOSE,GOICOECHEA,CUELLO DEL UTERO,66742,6,8.99,MUJER,2011
1062,SAN JOSE,SANTA ANA,CUELLO DEL UTERO,22307,3,13.45,MUJER,2011
1063,SAN JOSE,ALAJUELITA,CUELLO DEL UTERO,65045,2,3.07,MUJER,2011
1064,SAN JOSE,CORONADO,CUELLO DEL UTERO,42083,2,4.75,MUJER,2011
1065,SAN JOSE,ACOSTA,CUELLO DEL UTERO,9297,1,10.76,MUJER,2011
1066,SAN JOSE,TIBAS,CUELLO DEL UTERO,30752,2,6.5,MUJER,2011
1067,SAN JOSE,MORAVIA,CUELLO DEL UTERO,27906,1,3.58,MUJER,2011
1068,SAN JOSE,MONTES DE OCA,CUELLO DEL UTERO,27827,1,3.59,MUJER,2011
1069,SAN JOSE,TURRUBARES,CUELLO DEL UTERO,2206,0,0,MUJER,2011
1070,SAN JOSE,DOTA,CUELLO DEL UTERO,3279,0,0,MUJER,2011
1071,SAN JOSE,CURRIDABAT,CUELLO DEL UTERO,36772,0,0,MUJER,2011
1072,SAN JOSE,PEREZ ZELEDON,CUELLO DEL UTERO,65117,1,1.54,MUJER,2011
1073,SAN JOSE,LEON CORTES,CUELLO DEL UTERO,6596,0,0,MUJER,2011
1074,ALAJUELA,CENTRAL,CUELLO DEL UTERO,142076,1,0.7,MUJER,2011
1075,ALAJUELA,SAN RAMON,CUELLO DEL UTERO,44442,0,0,MUJER,2011
1076,ALAJUELA,GRECIA,CUELLO DEL UTERO,40794,1,2.45,MUJER,2011
1077,ALAJUELA,SAN MATEO,CUELLO DEL UTERO,2814,0,0,MUJER,2011
1078,ALAJUELA,ATENAS,CUELLO DEL UTERO,12906,0,0,MUJER,2011
1079,ALAJUELA,NARANJO,CUELLO DEL UTERO,22761,0,0,MUJER,2011
1080,ALAJUELA,PALMARES,CUELLO DEL UTERO,19240,2,10.4,MUJER,2011
1081,ALAJUELA,POAS,CUELLO DEL UTERO,15507,0,0,MUJER,2011
1082,ALAJUELA,OROTINA,CUELLO DEL UTERO,9446,1,10.59,MUJER,2011
1083,ALAJUELA,SAN CARLOS,CUELLO DEL UTERO,73780,5,6.78,MUJER,2011
1084,ALAJUELA,ALFARO RUIZ,CUELLO DEL UTERO,7462,2,26.8,MUJER,2011
1085,ALAJUELA,VALVERDE VEGA,CUELLO DEL UTERO,9143,0,0,MUJER,2011
1086,ALAJUELA,UPALA,CUELLO DEL UTERO,17409,1,5.74,MUJER,2011
1087,ALAJUELA,LOS CHILES,CUELLO DEL UTERO,9808,0,0,MUJER,2011
1088,ALAJUELA,GUATUSO,CUELLO DEL UTERO,7887,0,0,MUJER,2011
1089,CARTAGO,CENTRAL,CUELLO DEL UTERO,78371,5,6.38,MUJER,2011
1090,CARTAGO,PARAISO,CUELLO DEL UTERO,34665,2,5.77,MUJER,2011
1091,CARTAGO,LA UNION,CUELLO DEL UTERO,53959,0,0,MUJER,2011
1092,CARTAGO,JIMENEZ,CUELLO DEL UTERO,6636,0,0,MUJER,2011
1093,CARTAGO,TURRIALBA,CUELLO DEL UTERO,34412,1,2.91,MUJER,2011
1094,CARTAGO,ALVARADO,CUELLO DEL UTERO,6717,1,14.89,MUJER,2011
1095,CARTAGO,OREAMUNO,CUELLO DEL UTERO,22275,1,4.49,MUJER,2011
1096,CARTAGO,EL GUARCO,CUELLO DEL UTERO,18375,0,0,MUJER,2011
1097,HEREDIA,CENTRAL,CUELLO DEL UTERO,67648,4,5.91,MUJER,2011
1098,HEREDIA,BARVA,CUELLO DEL UTERO,19540,3,15.35,MUJER,2011
1099,HEREDIA,SANTO DOMINGO,CUELLO DEL UTERO,18583,1,5.38,MUJER,2011
1100,HEREDIA,SANTA BARBARA,CUELLO DEL UTERO,17095,2,11.7,MUJER,2011
1101,HEREDIA,SAN RAFAEL,CUELLO DEL UTERO,21667,0,0,MUJER,2011
1102,HEREDIA,SAN ISIDRO,CUELLO DEL UTERO,11029,0,0,MUJER,2011
1103,HEREDIA,BELEN,CUELLO DEL UTERO,11808,1,8.47,MUJER,2011
1104,HEREDIA,FLORES,CUELLO DEL UTERO,8847,1,11.3,MUJER,2011
1105,HEREDIA,SAN PABLO,CUELLO DEL UTERO,12105,1,8.26,MUJER,2011
1106,HEREDIA,SARAPIQUI,CUELLO DEL UTERO,36252,0,0,MUJER,2011
1107,GUANACASTE,LIBERIA,CUELLO DEL UTERO,26993,2,7.41,MUJER,2011
1108,GUANACASTE,NICOYA,CUELLO DEL UTERO,20319,1,4.92,MUJER,2011
1109,GUANACASTE,SANTA CRUZ,CUELLO DEL UTERO,21512,0,0,MUJER,2011
1110,GUANACASTE,BAGACES,CUELLO DEL UTERO,9327,1,10.72,MUJER,2011
1111,GUANACASTE,CARRILLO,CUELLO DEL UTERO,14704,0,0,MUJER,2011
1112,GUANACASTE,CAÑAS,CUELLO DEL UTERO,12021,3,24.96,MUJER,2011
1113,GUANACASTE,ABANGARES,CUELLO DEL UTERO,8101,0,0,MUJER,2011
1114,GUANACASTE,TILARAN,CUELLO DEL UTERO,8126,0,0,MUJER,2011
1115,GUANACASTE,NANDAYURE,CUELLO DEL UTERO,4675,0,0,MUJER,2011
1116,GUANACASTE,LA CRUZ,CUELLO DEL UTERO,8443,0,0,MUJER,2011
1117,GUANACASTE,HOJANCHA,CUELLO DEL UTERO,3171,0,0,MUJER,2011
1118,PUNTARENAS,CENTRAL,CUELLO DEL UTERO,51128,6,11.74,MUJER,2011
1119,PUNTARENAS,ESPARZA,CUELLO DEL UTERO,14030,0,0,MUJER,2011
1120,PUNTARENAS,BUENOS AIRES,CUELLO DEL UTERO,20907,1,4.78,MUJER,2011
1121,PUNTARENAS,MONTES DE ORO,CUELLO DEL UTERO,6620,1,15.11,MUJER,2011
1122,PUNTARENAS,OSA,CUELLO DEL UTERO,9822,0,0,MUJER,2011
1123,PUNTARENAS,AGUIRRE,CUELLO DEL UTERO,11462,2,17.45,MUJER,2011
1124,PUNTARENAS,GOLFITO,CUELLO DEL UTERO,14259,0,0,MUJER,2011
1125,PUNTARENAS,COTO BRUS,CUELLO DEL UTERO,17172,1,5.82,MUJER,2011
1126,PUNTARENAS,PARRITA,CUELLO DEL UTERO,5992,2,33.38,MUJER,2011
1127,PUNTARENAS,CORREDORES,CUELLO DEL UTERO,15680,2,12.76,MUJER,2011
1128,PUNTARENAS,GARABITO,CUELLO DEL UTERO,10900,1,9.17,MUJER,2011
1129,LIMON,CENTRAL,CUELLO DEL UTERO,51405,5,9.73,MUJER,2011
1130,LIMON,POCOCI,CUELLO DEL UTERO,72826,2,2.75,MUJER,2011
1131,LIMON,SIQUIRRES,CUELLO DEL UTERO,29042,1,3.44,MUJER,2011
1132,LIMON,TALAMANCA,CUELLO DEL UTERO,15943,2,12.54,MUJER,2011
1133,LIMON,MATINA,CUELLO DEL UTERO,22584,0,0,MUJER,2011
1134,LIMON,GUACIMO,CUELLO DEL UTERO,23246,1,4.3,MUJER,2011
1135,SAN JOSE,CENTRAL,LEUCEMIAS,175893,7,3.98,MUJER,2011
1136,SAN JOSE,ESCAZU,LEUCEMIAS,30793,1,3.25,MUJER,2011
1137,SAN JOSE,DESAMPARADOS,LEUCEMIAS,152511,4,2.62,MUJER,2011
1138,SAN JOSE,PURISCAL,LEUCEMIAS,15429,2,12.96,MUJER,2011
1139,SAN JOSE,TARRAZU,LEUCEMIAS,8222,0,0,MUJER,2011
1140,SAN JOSE,ASERRI,LEUCEMIAS,27409,0,0,MUJER,2011
1141,SAN JOSE,MORA,LEUCEMIAS,13588,2,14.72,MUJER,2011
1142,SAN JOSE,GOICOECHEA,LEUCEMIAS,66742,4,5.99,MUJER,2011
1143,SAN JOSE,SANTA ANA,LEUCEMIAS,22307,0,0,MUJER,2011
1144,SAN JOSE,ALAJUELITA,LEUCEMIAS,65045,0,0,MUJER,2011
1145,SAN JOSE,CORONADO,LEUCEMIAS,42083,0,0,MUJER,2011
1146,SAN JOSE,ACOSTA,LEUCEMIAS,9297,0,0,MUJER,2011
1147,SAN JOSE,TIBAS,LEUCEMIAS,30752,2,6.5,MUJER,2011
1148,SAN JOSE,MORAVIA,LEUCEMIAS,27906,0,0,MUJER,2011
1149,SAN JOSE,MONTES DE OCA,LEUCEMIAS,27827,2,7.19,MUJER,2011
1150,SAN JOSE,TURRUBARES,LEUCEMIAS,2206,1,45.33,MUJER,2011
1151,SAN JOSE,DOTA,LEUCEMIAS,3279,0,0,MUJER,2011
1152,SAN JOSE,CURRIDABAT,LEUCEMIAS,36772,1,2.72,MUJER,2011
1153,SAN JOSE,PEREZ ZELEDON,LEUCEMIAS,65117,1,1.54,MUJER,2011
1154,SAN JOSE,LEON CORTES,LEUCEMIAS,6596,1,15.16,MUJER,2011
1155,ALAJUELA,CENTRAL,LEUCEMIAS,142076,7,4.93,MUJER,2011
1156,ALAJUELA,SAN RAMON,LEUCEMIAS,44442,2,4.5,MUJER,2011
1157,ALAJUELA,GRECIA,LEUCEMIAS,40794,3,7.35,MUJER,2011
1158,ALAJUELA,SAN MATEO,LEUCEMIAS,2814,1,35.54,MUJER,2011
1159,ALAJUELA,ATENAS,LEUCEMIAS,12906,1,7.75,MUJER,2011
1160,ALAJUELA,NARANJO,LEUCEMIAS,22761,1,4.39,MUJER,2011
1161,ALAJUELA,PALMARES,LEUCEMIAS,19240,0,0,MUJER,2011
1162,ALAJUELA,POAS,LEUCEMIAS,15507,0,0,MUJER,2011
1163,ALAJUELA,OROTINA,LEUCEMIAS,9446,0,0,MUJER,2011
1164,ALAJUELA,SAN CARLOS,LEUCEMIAS,73780,4,5.42,MUJER,2011
1165,ALAJUELA,ALFARO RUIZ,LEUCEMIAS,7462,0,0,MUJER,2011
1166,ALAJUELA,VALVERDE VEGA,LEUCEMIAS,9143,1,10.94,MUJER,2011
1167,ALAJUELA,UPALA,LEUCEMIAS,17409,0,0,MUJER,2011
1168,ALAJUELA,LOS CHILES,LEUCEMIAS,9808,0,0,MUJER,2011
1169,ALAJUELA,GUATUSO,LEUCEMIAS,7887,0,0,MUJER,2011
1170,CARTAGO,CENTRAL,LEUCEMIAS,78371,7,8.93,MUJER,2011
1171,CARTAGO,PARAISO,LEUCEMIAS,34665,3,8.65,MUJER,2011
1172,CARTAGO,LA UNION,LEUCEMIAS,53959,2,3.71,MUJER,2011
1173,CARTAGO,JIMENEZ,LEUCEMIAS,6636,0,0,MUJER,2011
1174,CARTAGO,TURRIALBA,LEUCEMIAS,34412,3,8.72,MUJER,2011
1175,CARTAGO,ALVARADO,LEUCEMIAS,6717,1,14.89,MUJER,2011
1176,CARTAGO,OREAMUNO,LEUCEMIAS,22275,0,0,MUJER,2011
1177,CARTAGO,EL GUARCO,LEUCEMIAS,18375,2,10.88,MUJER,2011
1178,HEREDIA,CENTRAL,LEUCEMIAS,67648,5,7.39,MUJER,2011
1179,HEREDIA,BARVA,LEUCEMIAS,19540,1,5.12,MUJER,2011
1180,HEREDIA,SANTO DOMINGO,LEUCEMIAS,18583,0,0,MUJER,2011
1181,HEREDIA,SANTA BARBARA,LEUCEMIAS,17095,0,0,MUJER,2011
1182,HEREDIA,SAN RAFAEL,LEUCEMIAS,21667,1,4.62,MUJER,2011
1183,HEREDIA,SAN ISIDRO,LEUCEMIAS,11029,0,0,MUJER,2011
1184,HEREDIA,BELEN,LEUCEMIAS,11808,2,16.94,MUJER,2011
1185,HEREDIA,FLORES,LEUCEMIAS,8847,0,0,MUJER,2011
1186,HEREDIA,SAN PABLO,LEUCEMIAS,12105,0,0,MUJER,2011
1187,HEREDIA,SARAPIQUI,LEUCEMIAS,36252,0,0,MUJER,2011
1188,GUANACASTE,LIBERIA,LEUCEMIAS,26993,1,3.7,MUJER,2011
1189,GUANACASTE,NICOYA,LEUCEMIAS,20319,0,0,MUJER,2011
1190,GUANACASTE,SANTA CRUZ,LEUCEMIAS,21512,1,4.65,MUJER,2011
1191,GUANACASTE,BAGACES,LEUCEMIAS,9327,0,0,MUJER,2011
1192,GUANACASTE,CARRILLO,LEUCEMIAS,14704,0,0,MUJER,2011
1193,GUANACASTE,CAÑAS,LEUCEMIAS,12021,0,0,MUJER,2011
1194,GUANACASTE,ABANGARES,LEUCEMIAS,8101,0,0,MUJER,2011
1195,GUANACASTE,TILARAN,LEUCEMIAS,8126,1,12.31,MUJER,2011
1196,GUANACASTE,NANDAYURE,LEUCEMIAS,4675,0,0,MUJER,2011
1197,GUANACASTE,LA CRUZ,LEUCEMIAS,8443,0,0,MUJER,2011
1198,GUANACASTE,HOJANCHA,LEUCEMIAS,3171,0,0,MUJER,2011
1199,PUNTARENAS,CENTRAL,LEUCEMIAS,51128,3,5.87,MUJER,2011
1200,PUNTARENAS,ESPARZA,LEUCEMIAS,14030,0,0,MUJER,2011
1201,PUNTARENAS,BUENOS AIRES,LEUCEMIAS,20907,0,0,MUJER,2011
1202,PUNTARENAS,MONTES DE ORO,LEUCEMIAS,6620,1,15.11,MUJER,2011
1203,PUNTARENAS,OSA,LEUCEMIAS,9822,1,10.18,MUJER,2011
1204,PUNTARENAS,AGUIRRE,LEUCEMIAS,11462,1,8.72,MUJER,2011
1205,PUNTARENAS,GOLFITO,LEUCEMIAS,14259,0,0,MUJER,2011
1206,PUNTARENAS,COTO BRUS,LEUCEMIAS,17172,1,5.82,MUJER,2011
1207,PUNTARENAS,PARRITA,LEUCEMIAS,5992,0,0,MUJER,2011
1208,PUNTARENAS,CORREDORES,LEUCEMIAS,15680,0,0,MUJER,2011
1209,PUNTARENAS,GARABITO,LEUCEMIAS,10900,1,9.17,MUJER,2011
1210,LIMON,CENTRAL,LEUCEMIAS,51405,3,5.84,MUJER,2011
1211,LIMON,POCOCI,LEUCEMIAS,72826,3,4.12,MUJER,2011
1212,LIMON,SIQUIRRES,LEUCEMIAS,29042,1,3.44,MUJER,2011
1213,LIMON,TALAMANCA,LEUCEMIAS,15943,0,0,MUJER,2011
1214,LIMON,MATINA,LEUCEMIAS,22584,0,0,MUJER,2011
1215,LIMON,GUACIMO,LEUCEMIAS,23246,1,4.3,MUJER,2011
1216,SAN JOSE,CENTRAL,PANCREAS,175893,10,5.69,MUJER,2011
1217,SAN JOSE,ESCAZU,PANCREAS,30793,1,3.25,MUJER,2011
1218,SAN JOSE,DESAMPARADOS,PANCREAS,152511,5,3.28,MUJER,2011
1219,SAN JOSE,PURISCAL,PANCREAS,15429,1,6.48,MUJER,2011
1220,SAN JOSE,TARRAZU,PANCREAS,8222,1,12.16,MUJER,2011
1221,SAN JOSE,ASERRI,PANCREAS,27409,4,14.59,MUJER,2011
1222,SAN JOSE,MORA,PANCREAS,13588,1,7.36,MUJER,2011
1223,SAN JOSE,GOICOECHEA,PANCREAS,66742,5,7.49,MUJER,2011
1224,SAN JOSE,SANTA ANA,PANCREAS,22307,2,8.97,MUJER,2011
1225,SAN JOSE,ALAJUELITA,PANCREAS,65045,2,3.07,MUJER,2011
1226,SAN JOSE,CORONADO,PANCREAS,42083,2,4.75,MUJER,2011
1227,SAN JOSE,ACOSTA,PANCREAS,9297,0,0,MUJER,2011
1228,SAN JOSE,TIBAS,PANCREAS,30752,5,16.26,MUJER,2011
1229,SAN JOSE,MORAVIA,PANCREAS,27906,1,3.58,MUJER,2011
1230,SAN JOSE,MONTES DE OCA,PANCREAS,27827,4,14.37,MUJER,2011
1231,SAN JOSE,TURRUBARES,PANCREAS,2206,0,0,MUJER,2011
1232,SAN JOSE,DOTA,PANCREAS,3279,0,0,MUJER,2011
1233,SAN JOSE,CURRIDABAT,PANCREAS,36772,2,5.44,MUJER,2011
1234,SAN JOSE,PEREZ ZELEDON,PANCREAS,65117,2,3.07,MUJER,2011
1235,SAN JOSE,LEON CORTES,PANCREAS,6596,0,0,MUJER,2011
1236,ALAJUELA,CENTRAL,PANCREAS,142076,3,2.11,MUJER,2011
1237,ALAJUELA,SAN RAMON,PANCREAS,44442,0,0,MUJER,2011
1238,ALAJUELA,GRECIA,PANCREAS,40794,0,0,MUJER,2011
1239,ALAJUELA,SAN MATEO,PANCREAS,2814,0,0,MUJER,2011
1240,ALAJUELA,ATENAS,PANCREAS,12906,0,0,MUJER,2011
1241,ALAJUELA,NARANJO,PANCREAS,22761,1,4.39,MUJER,2011
1242,ALAJUELA,PALMARES,PANCREAS,19240,1,5.2,MUJER,2011
1243,ALAJUELA,POAS,PANCREAS,15507,0,0,MUJER,2011
1244,ALAJUELA,OROTINA,PANCREAS,9446,0,0,MUJER,2011
1245,ALAJUELA,SAN CARLOS,PANCREAS,73780,1,1.36,MUJER,2011
1246,ALAJUELA,ALFARO RUIZ,PANCREAS,7462,0,0,MUJER,2011
1247,ALAJUELA,VALVERDE VEGA,PANCREAS,9143,1,10.94,MUJER,2011
1248,ALAJUELA,UPALA,PANCREAS,17409,0,0,MUJER,2011
1249,ALAJUELA,LOS CHILES,PANCREAS,9808,0,0,MUJER,2011
1250,ALAJUELA,GUATUSO,PANCREAS,7887,0,0,MUJER,2011
1251,CARTAGO,CENTRAL,PANCREAS,78371,4,5.1,MUJER,2011
1252,CARTAGO,PARAISO,PANCREAS,34665,2,5.77,MUJER,2011
1253,CARTAGO,LA UNION,PANCREAS,53959,2,3.71,MUJER,2011
1254,CARTAGO,JIMENEZ,PANCREAS,6636,0,0,MUJER,2011
1255,CARTAGO,TURRIALBA,PANCREAS,34412,1,2.91,MUJER,2011
1256,CARTAGO,ALVARADO,PANCREAS,6717,0,0,MUJER,2011
1257,CARTAGO,OREAMUNO,PANCREAS,22275,0,0,MUJER,2011
1258,CARTAGO,EL GUARCO,PANCREAS,18375,0,0,MUJER,2011
1259,HEREDIA,CENTRAL,PANCREAS,67648,3,4.43,MUJER,2011
1260,HEREDIA,BARVA,PANCREAS,19540,1,5.12,MUJER,2011
1261,HEREDIA,SANTO DOMINGO,PANCREAS,18583,0,0,MUJER,2011
1262,HEREDIA,SANTA BARBARA,PANCREAS,17095,0,0,MUJER,2011
1263,HEREDIA,SAN RAFAEL,PANCREAS,21667,2,9.23,MUJER,2011
1264,HEREDIA,SAN ISIDRO,PANCREAS,11029,0,0,MUJER,2011
1265,HEREDIA,BELEN,PANCREAS,11808,1,8.47,MUJER,2011
1266,HEREDIA,FLORES,PANCREAS,8847,0,0,MUJER,2011
1267,HEREDIA,SAN PABLO,PANCREAS,12105,1,8.26,MUJER,2011
1268,HEREDIA,SARAPIQUI,PANCREAS,36252,1,2.76,MUJER,2011
1269,GUANACASTE,LIBERIA,PANCREAS,26993,1,3.7,MUJER,2011
1270,GUANACASTE,NICOYA,PANCREAS,20319,1,4.92,MUJER,2011
1271,GUANACASTE,SANTA CRUZ,PANCREAS,21512,3,13.95,MUJER,2011
1272,GUANACASTE,BAGACES,PANCREAS,9327,0,0,MUJER,2011
1273,GUANACASTE,CARRILLO,PANCREAS,14704,1,6.8,MUJER,2011
1274,GUANACASTE,CAÑAS,PANCREAS,12021,0,0,MUJER,2011
1275,GUANACASTE,ABANGARES,PANCREAS,8101,1,12.34,MUJER,2011
1276,GUANACASTE,TILARAN,PANCREAS,8126,1,12.31,MUJER,2011
1277,GUANACASTE,NANDAYURE,PANCREAS,4675,1,21.39,MUJER,2011
1278,GUANACASTE,LA CRUZ,PANCREAS,8443,0,0,MUJER,2011
1279,GUANACASTE,HOJANCHA,PANCREAS,3171,0,0,MUJER,2011
1280,PUNTARENAS,CENTRAL,PANCREAS,51128,2,3.91,MUJER,2011
1281,PUNTARENAS,ESPARZA,PANCREAS,14030,0,0,MUJER,2011
1282,PUNTARENAS,BUENOS AIRES,PANCREAS,20907,1,4.78,MUJER,2011
1283,PUNTARENAS,MONTES DE ORO,PANCREAS,6620,0,0,MUJER,2011
1284,PUNTARENAS,OSA,PANCREAS,9822,0,0,MUJER,2011
1285,PUNTARENAS,AGUIRRE,PANCREAS,11462,0,0,MUJER,2011
1286,PUNTARENAS,GOLFITO,PANCREAS,14259,0,0,MUJER,2011
1287,PUNTARENAS,COTO BRUS,PANCREAS,17172,1,5.82,MUJER,2011
1288,PUNTARENAS,PARRITA,PANCREAS,5992,1,16.69,MUJER,2011
1289,PUNTARENAS,CORREDORES,PANCREAS,15680,1,6.38,MUJER,2011
1290,PUNTARENAS,GARABITO,PANCREAS,10900,0,0,MUJER,2011
1291,LIMON,CENTRAL,PANCREAS,51405,0,0,MUJER,2011
1292,LIMON,POCOCI,PANCREAS,72826,3,4.12,MUJER,2011
1293,LIMON,SIQUIRRES,PANCREAS,29042,0,0,MUJER,2011
1294,LIMON,TALAMANCA,PANCREAS,15943,0,0,MUJER,2011
1295,LIMON,MATINA,PANCREAS,22584,0,0,MUJER,2011
1296,LIMON,GUACIMO,PANCREAS,23246,0,0,MUJER,2011
1297,SAN JOSE,CENTRAL,PULMON,175893,14,7.96,MUJER,2011
1298,SAN JOSE,ESCAZU,PULMON,30793,2,6.49,MUJER,2011
1299,SAN JOSE,DESAMPARADOS,PULMON,152511,3,1.97,MUJER,2011
1300,SAN JOSE,PURISCAL,PULMON,15429,1,6.48,MUJER,2011
1301,SAN JOSE,TARRAZU,PULMON,8222,1,12.16,MUJER,2011
1302,SAN JOSE,ASERRI,PULMON,27409,2,7.3,MUJER,2011
1303,SAN JOSE,MORA,PULMON,13588,2,14.72,MUJER,2011
1304,SAN JOSE,GOICOECHEA,PULMON,66742,4,5.99,MUJER,2011
1305,SAN JOSE,SANTA ANA,PULMON,22307,1,4.48,MUJER,2011
1306,SAN JOSE,ALAJUELITA,PULMON,65045,1,1.54,MUJER,2011
1307,SAN JOSE,CORONADO,PULMON,42083,1,2.38,MUJER,2011
1308,SAN JOSE,ACOSTA,PULMON,9297,0,0,MUJER,2011
1309,SAN JOSE,TIBAS,PULMON,30752,1,3.25,MUJER,2011
1310,SAN JOSE,MORAVIA,PULMON,27906,1,3.58,MUJER,2011
1311,SAN JOSE,MONTES DE OCA,PULMON,27827,1,3.59,MUJER,2011
1312,SAN JOSE,TURRUBARES,PULMON,2206,0,0,MUJER,2011
1313,SAN JOSE,DOTA,PULMON,3279,0,0,MUJER,2011
1314,SAN JOSE,CURRIDABAT,PULMON,36772,1,2.72,MUJER,2011
1315,SAN JOSE,PEREZ ZELEDON,PULMON,65117,1,1.54,MUJER,2011
1316,SAN JOSE,LEON CORTES,PULMON,6596,0,0,MUJER,2011
1317,ALAJUELA,CENTRAL,PULMON,142076,7,4.93,MUJER,2011
1318,ALAJUELA,SAN RAMON,PULMON,44442,0,0,MUJER,2011
1319,ALAJUELA,GRECIA,PULMON,40794,0,0,MUJER,2011
1320,ALAJUELA,SAN MATEO,PULMON,2814,0,0,MUJER,2011
1321,ALAJUELA,ATENAS,PULMON,12906,1,7.75,MUJER,2011
1322,ALAJUELA,NARANJO,PULMON,22761,1,4.39,MUJER,2011
1323,ALAJUELA,PALMARES,PULMON,19240,2,10.4,MUJER,2011
1324,ALAJUELA,POAS,PULMON,15507,0,0,MUJER,2011
1325,ALAJUELA,OROTINA,PULMON,9446,2,21.17,MUJER,2011
1326,ALAJUELA,SAN CARLOS,PULMON,73780,2,2.71,MUJER,2011
1327,ALAJUELA,ALFARO RUIZ,PULMON,7462,0,0,MUJER,2011
1328,ALAJUELA,VALVERDE VEGA,PULMON,9143,0,0,MUJER,2011
1329,ALAJUELA,UPALA,PULMON,17409,0,0,MUJER,2011
1330,ALAJUELA,LOS CHILES,PULMON,9808,0,0,MUJER,2011
1331,ALAJUELA,GUATUSO,PULMON,7887,0,0,MUJER,2011
1332,CARTAGO,CENTRAL,PULMON,78371,3,3.83,MUJER,2011
1333,CARTAGO,PARAISO,PULMON,34665,0,0,MUJER,2011
1334,CARTAGO,LA UNION,PULMON,53959,0,0,MUJER,2011
1335,CARTAGO,JIMENEZ,PULMON,6636,0,0,MUJER,2011
1336,CARTAGO,TURRIALBA,PULMON,34412,1,2.91,MUJER,2011
1337,CARTAGO,ALVARADO,PULMON,6717,1,14.89,MUJER,2011
1338,CARTAGO,OREAMUNO,PULMON,22275,0,0,MUJER,2011
1339,CARTAGO,EL GUARCO,PULMON,18375,2,10.88,MUJER,2011
1340,HEREDIA,CENTRAL,PULMON,67648,3,4.43,MUJER,2011
1341,HEREDIA,BARVA,PULMON,19540,1,5.12,MUJER,2011
1342,HEREDIA,SANTO DOMINGO,PULMON,18583,1,5.38,MUJER,2011
1343,HEREDIA,SANTA BARBARA,PULMON,17095,2,11.7,MUJER,2011
1344,HEREDIA,SAN RAFAEL,PULMON,21667,0,0,MUJER,2011
1345,HEREDIA,SAN ISIDRO,PULMON,11029,0,0,MUJER,2011
1346,HEREDIA,BELEN,PULMON,11808,0,0,MUJER,2011
1347,HEREDIA,FLORES,PULMON,8847,1,11.3,MUJER,2011
1348,HEREDIA,SAN PABLO,PULMON,12105,2,16.52,MUJER,2011
1349,HEREDIA,SARAPIQUI,PULMON,36252,2,5.52,MUJER,2011
1350,GUANACASTE,LIBERIA,PULMON,26993,3,11.11,MUJER,2011
1351,GUANACASTE,NICOYA,PULMON,20319,0,0,MUJER,2011
1352,GUANACASTE,SANTA CRUZ,PULMON,21512,1,4.65,MUJER,2011
1353,GUANACASTE,BAGACES,PULMON,9327,0,0,MUJER,2011
1354,GUANACASTE,CARRILLO,PULMON,14704,0,0,MUJER,2011
1355,GUANACASTE,CAÑAS,PULMON,12021,0,0,MUJER,2011
1356,GUANACASTE,ABANGARES,PULMON,8101,1,12.34,MUJER,2011
1357,GUANACASTE,TILARAN,PULMON,8126,0,0,MUJER,2011
1358,GUANACASTE,NANDAYURE,PULMON,4675,0,0,MUJER,2011
1359,GUANACASTE,LA CRUZ,PULMON,8443,1,11.84,MUJER,2011
1360,GUANACASTE,HOJANCHA,PULMON,3171,0,0,MUJER,2011
1361,PUNTARENAS,CENTRAL,PULMON,51128,1,1.96,MUJER,2011
1362,PUNTARENAS,ESPARZA,PULMON,14030,1,7.13,MUJER,2011
1363,PUNTARENAS,BUENOS AIRES,PULMON,20907,0,0,MUJER,2011
1364,PUNTARENAS,MONTES DE ORO,PULMON,6620,0,0,MUJER,2011
1365,PUNTARENAS,OSA,PULMON,9822,2,20.36,MUJER,2011
1366,PUNTARENAS,AGUIRRE,PULMON,11462,1,8.72,MUJER,2011
1367,PUNTARENAS,GOLFITO,PULMON,14259,0,0,MUJER,2011
1368,PUNTARENAS,COTO BRUS,PULMON,17172,0,0,MUJER,2011
1369,PUNTARENAS,PARRITA,PULMON,5992,0,0,MUJER,2011
1370,PUNTARENAS,CORREDORES,PULMON,15680,1,6.38,MUJER,2011
1371,PUNTARENAS,GARABITO,PULMON,10900,0,0,MUJER,2011
1372,LIMON,CENTRAL,PULMON,51405,1,1.95,MUJER,2011
1373,LIMON,POCOCI,PULMON,72826,2,2.75,MUJER,2011
1374,LIMON,SIQUIRRES,PULMON,29042,0,0,MUJER,2011
1375,LIMON,TALAMANCA,PULMON,15943,1,6.27,MUJER,2011
1376,LIMON,MATINA,PULMON,22584,0,0,MUJER,2011
1377,LIMON,GUACIMO,PULMON,23246,0,0,MUJER,2011
1378,SAN JOSE,CENTRAL,HIGADO,175893,3,1.71,MUJER,2011
1379,SAN JOSE,ESCAZU,HIGADO,30793,1,3.25,MUJER,2011
1380,SAN JOSE,DESAMPARADOS,HIGADO,152511,3,1.97,MUJER,2011
1381,SAN JOSE,PURISCAL,HIGADO,15429,0,0,MUJER,2011
1382,SAN JOSE,TARRAZU,HIGADO,8222,0,0,MUJER,2011
1383,SAN JOSE,ASERRI,HIGADO,27409,1,3.65,MUJER,2011
1384,SAN JOSE,MORA,HIGADO,13588,0,0,MUJER,2011
1385,SAN JOSE,GOICOECHEA,HIGADO,66742,5,7.49,MUJER,2011
1386,SAN JOSE,SANTA ANA,HIGADO,22307,1,4.48,MUJER,2011
1387,SAN JOSE,ALAJUELITA,HIGADO,65045,2,3.07,MUJER,2011
1388,SAN JOSE,CORONADO,HIGADO,42083,1,2.38,MUJER,2011
1389,SAN JOSE,ACOSTA,HIGADO,9297,0,0,MUJER,2011
1390,SAN JOSE,TIBAS,HIGADO,30752,3,9.76,MUJER,2011
1391,SAN JOSE,MORAVIA,HIGADO,27906,1,3.58,MUJER,2011
1392,SAN JOSE,MONTES DE OCA,HIGADO,27827,1,3.59,MUJER,2011
1393,SAN JOSE,TURRUBARES,HIGADO,2206,0,0,MUJER,2011
1394,SAN JOSE,DOTA,HIGADO,3279,1,30.5,MUJER,2011
1395,SAN JOSE,CURRIDABAT,HIGADO,36772,4,10.88,MUJER,2011
1396,SAN JOSE,PEREZ ZELEDON,HIGADO,65117,2,3.07,MUJER,2011
1397,SAN JOSE,LEON CORTES,HIGADO,6596,0,0,MUJER,2011
1398,ALAJUELA,CENTRAL,HIGADO,142076,1,0.7,MUJER,2011
1399,ALAJUELA,SAN RAMON,HIGADO,44442,2,4.5,MUJER,2011
1400,ALAJUELA,GRECIA,HIGADO,40794,1,2.45,MUJER,2011
1401,ALAJUELA,SAN MATEO,HIGADO,2814,0,0,MUJER,2011
1402,ALAJUELA,ATENAS,HIGADO,12906,0,0,MUJER,2011
1403,ALAJUELA,NARANJO,HIGADO,22761,0,0,MUJER,2011
1404,ALAJUELA,PALMARES,HIGADO,19240,2,10.4,MUJER,2011
1405,ALAJUELA,POAS,HIGADO,15507,0,0,MUJER,2011
1406,ALAJUELA,OROTINA,HIGADO,9446,0,0,MUJER,2011
1407,ALAJUELA,SAN CARLOS,HIGADO,73780,2,2.71,MUJER,2011
1408,ALAJUELA,ALFARO RUIZ,HIGADO,7462,0,0,MUJER,2011
1409,ALAJUELA,VALVERDE VEGA,HIGADO,9143,0,0,MUJER,2011
1410,ALAJUELA,UPALA,HIGADO,17409,0,0,MUJER,2011
1411,ALAJUELA,LOS CHILES,HIGADO,9808,0,0,MUJER,2011
1412,ALAJUELA,GUATUSO,HIGADO,7887,0,0,MUJER,2011
1413,CARTAGO,CENTRAL,HIGADO,78371,5,6.38,MUJER,2011
1414,CARTAGO,PARAISO,HIGADO,34665,0,0,MUJER,2011
1415,CARTAGO,LA UNION,HIGADO,53959,2,3.71,MUJER,2011
1416,CARTAGO,JIMENEZ,HIGADO,6636,0,0,MUJER,2011
1417,CARTAGO,TURRIALBA,HIGADO,34412,3,8.72,MUJER,2011
1418,CARTAGO,ALVARADO,HIGADO,6717,0,0,MUJER,2011
1419,CARTAGO,OREAMUNO,HIGADO,22275,3,13.47,MUJER,2011
1420,CARTAGO,EL GUARCO,HIGADO,18375,1,5.44,MUJER,2011
1421,HEREDIA,CENTRAL,HIGADO,67648,3,4.43,MUJER,2011
1422,HEREDIA,BARVA,HIGADO,19540,1,5.12,MUJER,2011
1423,HEREDIA,SANTO DOMINGO,HIGADO,18583,1,5.38,MUJER,2011
1424,HEREDIA,SANTA BARBARA,HIGADO,17095,0,0,MUJER,2011
1425,HEREDIA,SAN RAFAEL,HIGADO,21667,1,4.62,MUJER,2011
1426,HEREDIA,SAN ISIDRO,HIGADO,11029,0,0,MUJER,2011
1427,HEREDIA,BELEN,HIGADO,11808,0,0,MUJER,2011
1428,HEREDIA,FLORES,HIGADO,8847,1,11.3,MUJER,2011
1429,HEREDIA,SAN PABLO,HIGADO,12105,1,8.26,MUJER,2011
1430,HEREDIA,SARAPIQUI,HIGADO,36252,0,0,MUJER,2011
1431,GUANACASTE,LIBERIA,HIGADO,26993,0,0,MUJER,2011
1432,GUANACASTE,NICOYA,HIGADO,20319,2,9.84,MUJER,2011
1433,GUANACASTE,SANTA CRUZ,HIGADO,21512,0,0,MUJER,2011
1434,GUANACASTE,BAGACES,HIGADO,9327,0,0,MUJER,2011
1435,GUANACASTE,CARRILLO,HIGADO,14704,0,0,MUJER,2011
1436,GUANACASTE,CAÑAS,HIGADO,12021,0,0,MUJER,2011
1437,GUANACASTE,ABANGARES,HIGADO,8101,2,24.69,MUJER,2011
1438,GUANACASTE,TILARAN,HIGADO,8126,0,0,MUJER,2011
1439,GUANACASTE,NANDAYURE,HIGADO,4675,0,0,MUJER,2011
1440,GUANACASTE,LA CRUZ,HIGADO,8443,1,11.84,MUJER,2011
1441,GUANACASTE,HOJANCHA,HIGADO,3171,1,31.54,MUJER,2011
1442,PUNTARENAS,CENTRAL,HIGADO,51128,2,3.91,MUJER,2011
1443,PUNTARENAS,ESPARZA,HIGADO,14030,1,7.13,MUJER,2011
1444,PUNTARENAS,BUENOS AIRES,HIGADO,20907,1,4.78,MUJER,2011
1445,PUNTARENAS,MONTES DE ORO,HIGADO,6620,0,0,MUJER,2011
1446,PUNTARENAS,OSA,HIGADO,9822,0,0,MUJER,2011
1447,PUNTARENAS,AGUIRRE,HIGADO,11462,0,0,MUJER,2011
1448,PUNTARENAS,GOLFITO,HIGADO,14259,1,7.01,MUJER,2011
1449,PUNTARENAS,COTO BRUS,HIGADO,17172,1,5.82,MUJER,2011
1450,PUNTARENAS,PARRITA,HIGADO,5992,0,0,MUJER,2011
1451,PUNTARENAS,CORREDORES,HIGADO,15680,1,6.38,MUJER,2011
1452,PUNTARENAS,GARABITO,HIGADO,10900,0,0,MUJER,2011
1453,LIMON,CENTRAL,HIGADO,51405,2,3.89,MUJER,2011
1454,LIMON,POCOCI,HIGADO,72826,2,2.75,MUJER,2011
1455,LIMON,SIQUIRRES,HIGADO,29042,1,3.44,MUJER,2011
1456,LIMON,TALAMANCA,HIGADO,15943,0,0,MUJER,2011
1457,LIMON,MATINA,HIGADO,22584,1,4.43,MUJER,2011
1458,LIMON,GUACIMO,HIGADO,23246,1,4.3,MUJER,2011
1459,SAN JOSE,CENTRAL,LINFOMAS,175893,8,4.55,MUJER,2011
1460,SAN JOSE,ESCAZU,LINFOMAS,30793,3,9.74,MUJER,2011
1461,SAN JOSE,DESAMPARADOS,LINFOMAS,152511,1,0.66,MUJER,2011
1462,SAN JOSE,PURISCAL,LINFOMAS,15429,1,6.48,MUJER,2011
1463,SAN JOSE,TARRAZU,LINFOMAS,8222,0,0,MUJER,2011
1464,SAN JOSE,ASERRI,LINFOMAS,27409,0,0,MUJER,2011
1465,SAN JOSE,MORA,LINFOMAS,13588,1,7.36,MUJER,2011
1466,SAN JOSE,GOICOECHEA,LINFOMAS,66742,1,1.5,MUJER,2011
1467,SAN JOSE,SANTA ANA,LINFOMAS,22307,2,8.97,MUJER,2011
1468,SAN JOSE,ALAJUELITA,LINFOMAS,65045,1,1.54,MUJER,2011
1469,SAN JOSE,CORONADO,LINFOMAS,42083,2,4.75,MUJER,2011
1470,SAN JOSE,ACOSTA,LINFOMAS,9297,0,0,MUJER,2011
1471,SAN JOSE,TIBAS,LINFOMAS,30752,8,26.01,MUJER,2011
1472,SAN JOSE,MORAVIA,LINFOMAS,27906,2,7.17,MUJER,2011
1473,SAN JOSE,MONTES DE OCA,LINFOMAS,27827,2,7.19,MUJER,2011
1474,SAN JOSE,TURRUBARES,LINFOMAS,2206,0,0,MUJER,2011
1475,SAN JOSE,DOTA,LINFOMAS,3279,0,0,MUJER,2011
1476,SAN JOSE,CURRIDABAT,LINFOMAS,36772,1,2.72,MUJER,2011
1477,SAN JOSE,PEREZ ZELEDON,LINFOMAS,65117,1,1.54,MUJER,2011
1478,SAN JOSE,LEON CORTES,LINFOMAS,6596,0,0,MUJER,2011
1479,ALAJUELA,CENTRAL,LINFOMAS,142076,2,1.41,MUJER,2011
1480,ALAJUELA,SAN RAMON,LINFOMAS,44442,3,6.75,MUJER,2011
1481,ALAJUELA,GRECIA,LINFOMAS,40794,1,2.45,MUJER,2011
1482,ALAJUELA,SAN MATEO,LINFOMAS,2814,0,0,MUJER,2011
1483,ALAJUELA,ATENAS,LINFOMAS,12906,2,15.5,MUJER,2011
1484,ALAJUELA,NARANJO,LINFOMAS,22761,1,4.39,MUJER,2011
1485,ALAJUELA,PALMARES,LINFOMAS,19240,0,0,MUJER,2011
1486,ALAJUELA,POAS,LINFOMAS,15507,1,6.45,MUJER,2011
1487,ALAJUELA,OROTINA,LINFOMAS,9446,0,0,MUJER,2011
1488,ALAJUELA,SAN CARLOS,LINFOMAS,73780,4,5.42,MUJER,2011
1489,ALAJUELA,ALFARO RUIZ,LINFOMAS,7462,1,13.4,MUJER,2011
1490,ALAJUELA,VALVERDE VEGA,LINFOMAS,9143,0,0,MUJER,2011
1491,ALAJUELA,UPALA,LINFOMAS,17409,0,0,MUJER,2011
1492,ALAJUELA,LOS CHILES,LINFOMAS,9808,0,0,MUJER,2011
1493,ALAJUELA,GUATUSO,LINFOMAS,7887,0,0,MUJER,2011
1494,CARTAGO,CENTRAL,LINFOMAS,78371,6,7.66,MUJER,2011
1495,CARTAGO,PARAISO,LINFOMAS,34665,1,2.88,MUJER,2011
1496,CARTAGO,LA UNION,LINFOMAS,53959,1,1.85,MUJER,2011
1497,CARTAGO,JIMENEZ,LINFOMAS,6636,0,0,MUJER,2011
1498,CARTAGO,TURRIALBA,LINFOMAS,34412,0,0,MUJER,2011
1499,CARTAGO,ALVARADO,LINFOMAS,6717,0,0,MUJER,2011
1500,CARTAGO,OREAMUNO,LINFOMAS,22275,0,0,MUJER,2011
1501,CARTAGO,EL GUARCO,LINFOMAS,18375,1,5.44,MUJER,2011
1502,HEREDIA,CENTRAL,LINFOMAS,67648,5,7.39,MUJER,2011
1503,HEREDIA,BARVA,LINFOMAS,19540,1,5.12,MUJER,2011
1504,HEREDIA,SANTO DOMINGO,LINFOMAS,18583,2,10.76,MUJER,2011
1505,HEREDIA,SANTA BARBARA,LINFOMAS,17095,0,0,MUJER,2011
1506,HEREDIA,SAN RAFAEL,LINFOMAS,21667,1,4.62,MUJER,2011
1507,HEREDIA,SAN ISIDRO,LINFOMAS,11029,1,9.07,MUJER,2011
1508,HEREDIA,BELEN,LINFOMAS,11808,1,8.47,MUJER,2011
1509,HEREDIA,FLORES,LINFOMAS,8847,1,11.3,MUJER,2011
1510,HEREDIA,SAN PABLO,LINFOMAS,12105,0,0,MUJER,2011
1511,HEREDIA,SARAPIQUI,LINFOMAS,36252,0,0,MUJER,2011
1512,GUANACASTE,LIBERIA,LINFOMAS,26993,0,0,MUJER,2011
1513,GUANACASTE,NICOYA,LINFOMAS,20319,0,0,MUJER,2011
1514,GUANACASTE,SANTA CRUZ,LINFOMAS,21512,0,0,MUJER,2011
1515,GUANACASTE,BAGACES,LINFOMAS,9327,0,0,MUJER,2011
1516,GUANACASTE,CARRILLO,LINFOMAS,14704,0,0,MUJER,2011
1517,GUANACASTE,CAÑAS,LINFOMAS,12021,0,0,MUJER,2011
1518,GUANACASTE,ABANGARES,LINFOMAS,8101,0,0,MUJER,2011
1519,GUANACASTE,TILARAN,LINFOMAS,8126,0,0,MUJER,2011
1520,GUANACASTE,NANDAYURE,LINFOMAS,4675,1,21.39,MUJER,2011
1521,GUANACASTE,LA CRUZ,LINFOMAS,8443,0,0,MUJER,2011
1522,GUANACASTE,HOJANCHA,LINFOMAS,3171,1,31.54,MUJER,2011
1523,PUNTARENAS,CENTRAL,LINFOMAS,51128,1,1.96,MUJER,2011
1524,PUNTARENAS,ESPARZA,LINFOMAS,14030,2,14.26,MUJER,2011
1525,PUNTARENAS,BUENOS AIRES,LINFOMAS,20907,1,4.78,MUJER,2011
1526,PUNTARENAS,MONTES DE ORO,LINFOMAS,6620,0,0,MUJER,2011
1527,PUNTARENAS,OSA,LINFOMAS,9822,0,0,MUJER,2011
1528,PUNTARENAS,AGUIRRE,LINFOMAS,11462,0,0,MUJER,2011
1529,PUNTARENAS,GOLFITO,LINFOMAS,14259,0,0,MUJER,2011
1530,PUNTARENAS,COTO BRUS,LINFOMAS,17172,0,0,MUJER,2011
1531,PUNTARENAS,PARRITA,LINFOMAS,5992,0,0,MUJER,2011
1532,PUNTARENAS,CORREDORES,LINFOMAS,15680,1,6.38,MUJER,2011
1533,PUNTARENAS,GARABITO,LINFOMAS,10900,0,0,MUJER,2011
1534,LIMON,CENTRAL,LINFOMAS,51405,0,0,MUJER,2011
1535,LIMON,POCOCI,LINFOMAS,72826,1,1.37,MUJER,2011
1536,LIMON,SIQUIRRES,LINFOMAS,29042,0,0,MUJER,2011
1537,LIMON,TALAMANCA,LINFOMAS,15943,1,6.27,MUJER,2011
1538,LIMON,MATINA,LINFOMAS,22584,0,0,MUJER,2011
1539,LIMON,GUACIMO,LINFOMAS,23246,0,0,MUJER,2011
1540,SAN JOSE,CENTRAL,OVARIO,175893,11,6.25,MUJER,2011
1541,SAN JOSE,ESCAZU,OVARIO,30793,3,9.74,MUJER,2011
1542,SAN JOSE,DESAMPARADOS,OVARIO,152511,2,1.31,MUJER,2011
1543,SAN JOSE,PURISCAL,OVARIO,15429,0,0,MUJER,2011
1544,SAN JOSE,TARRAZU,OVARIO,8222,0,0,MUJER,2011
1545,SAN JOSE,ASERRI,OVARIO,27409,1,3.65,MUJER,2011
1546,SAN JOSE,MORA,OVARIO,13588,0,0,MUJER,2011
1547,SAN JOSE,GOICOECHEA,OVARIO,66742,2,3,MUJER,2011
1548,SAN JOSE,SANTA ANA,OVARIO,22307,2,8.97,MUJER,2011
1549,SAN JOSE,ALAJUELITA,OVARIO,65045,0,0,MUJER,2011
1550,SAN JOSE,CORONADO,OVARIO,42083,0,0,MUJER,2011
1551,SAN JOSE,ACOSTA,OVARIO,9297,0,0,MUJER,2011
1552,SAN JOSE,TIBAS,OVARIO,30752,5,16.26,MUJER,2011
1553,SAN JOSE,MORAVIA,OVARIO,27906,1,3.58,MUJER,2011
1554,SAN JOSE,MONTES DE OCA,OVARIO,27827,4,14.37,MUJER,2011
1555,SAN JOSE,TURRUBARES,OVARIO,2206,0,0,MUJER,2011
1556,SAN JOSE,DOTA,OVARIO,3279,0,0,MUJER,2011
1557,SAN JOSE,CURRIDABAT,OVARIO,36772,0,0,MUJER,2011
1558,SAN JOSE,PEREZ ZELEDON,OVARIO,65117,3,4.61,MUJER,2011
1559,SAN JOSE,LEON CORTES,OVARIO,6596,0,0,MUJER,2011
1560,ALAJUELA,CENTRAL,OVARIO,142076,4,2.82,MUJER,2011
1561,ALAJUELA,SAN RAMON,OVARIO,44442,2,4.5,MUJER,2011
1562,ALAJUELA,GRECIA,OVARIO,40794,2,4.9,MUJER,2011
1563,ALAJUELA,SAN MATEO,OVARIO,2814,0,0,MUJER,2011
1564,ALAJUELA,ATENAS,OVARIO,12906,0,0,MUJER,2011
1565,ALAJUELA,NARANJO,OVARIO,22761,1,4.39,MUJER,2011
1566,ALAJUELA,PALMARES,OVARIO,19240,0,0,MUJER,2011
1567,ALAJUELA,POAS,OVARIO,15507,0,0,MUJER,2011
1568,ALAJUELA,OROTINA,OVARIO,9446,0,0,MUJER,2011
1569,ALAJUELA,SAN CARLOS,OVARIO,73780,2,2.71,MUJER,2011
1570,ALAJUELA,ALFARO RUIZ,OVARIO,7462,0,0,MUJER,2011
1571,ALAJUELA,VALVERDE VEGA,OVARIO,9143,0,0,MUJER,2011
1572,ALAJUELA,UPALA,OVARIO,17409,1,5.74,MUJER,2011
1573,ALAJUELA,LOS CHILES,OVARIO,9808,0,0,MUJER,2011
1574,ALAJUELA,GUATUSO,OVARIO,7887,0,0,MUJER,2011
1575,CARTAGO,CENTRAL,OVARIO,78371,2,2.55,MUJER,2011
1576,CARTAGO,PARAISO,OVARIO,34665,0,0,MUJER,2011
1577,CARTAGO,LA UNION,OVARIO,53959,1,1.85,MUJER,2011
1578,CARTAGO,JIMENEZ,OVARIO,6636,0,0,MUJER,2011
1579,CARTAGO,TURRIALBA,OVARIO,34412,0,0,MUJER,2011
1580,CARTAGO,ALVARADO,OVARIO,6717,0,0,MUJER,2011
1581,CARTAGO,OREAMUNO,OVARIO,22275,0,0,MUJER,2011
1582,CARTAGO,EL GUARCO,OVARIO,18375,0,0,MUJER,2011
1583,HEREDIA,CENTRAL,OVARIO,67648,3,4.43,MUJER,2011
1584,HEREDIA,BARVA,OVARIO,19540,1,5.12,MUJER,2011
1585,HEREDIA,SANTO DOMINGO,OVARIO,18583,0,0,MUJER,2011
1586,HEREDIA,SANTA BARBARA,OVARIO,17095,0,0,MUJER,2011
1587,HEREDIA,SAN RAFAEL,OVARIO,21667,1,4.62,MUJER,2011
1588,HEREDIA,SAN ISIDRO,OVARIO,11029,1,9.07,MUJER,2011
1589,HEREDIA,BELEN,OVARIO,11808,1,8.47,MUJER,2011
1590,HEREDIA,FLORES,OVARIO,8847,0,0,MUJER,2011
1591,HEREDIA,SAN PABLO,OVARIO,12105,1,8.26,MUJER,2011
1592,HEREDIA,SARAPIQUI,OVARIO,36252,0,0,MUJER,2011
1593,GUANACASTE,LIBERIA,OVARIO,26993,0,0,MUJER,2011
1594,GUANACASTE,NICOYA,OVARIO,20319,0,0,MUJER,2011
1595,GUANACASTE,SANTA CRUZ,OVARIO,21512,1,4.65,MUJER,2011
1596,GUANACASTE,BAGACES,OVARIO,9327,0,0,MUJER,2011
1597,GUANACASTE,CARRILLO,OVARIO,14704,0,0,MUJER,2011
1598,GUANACASTE,CAÑAS,OVARIO,12021,0,0,MUJER,2011
1599,GUANACASTE,ABANGARES,OVARIO,8101,0,0,MUJER,2011
1600,GUANACASTE,TILARAN,OVARIO,8126,0,0,MUJER,2011
1601,GUANACASTE,NANDAYURE,OVARIO,4675,0,0,MUJER,2011
1602,GUANACASTE,LA CRUZ,OVARIO,8443,0,0,MUJER,2011
1603,GUANACASTE,HOJANCHA,OVARIO,3171,0,0,MUJER,2011
1604,PUNTARENAS,CENTRAL,OVARIO,51128,0,0,MUJER,2011
1605,PUNTARENAS,ESPARZA,OVARIO,14030,0,0,MUJER,2011
1606,PUNTARENAS,BUENOS AIRES,OVARIO,20907,0,0,MUJER,2011
1607,PUNTARENAS,MONTES DE ORO,OVARIO,6620,0,0,MUJER,2011
1608,PUNTARENAS,OSA,OVARIO,9822,0,0,MUJER,2011
1609,PUNTARENAS,AGUIRRE,OVARIO,11462,0,0,MUJER,2011
1610,PUNTARENAS,GOLFITO,OVARIO,14259,0,0,MUJER,2011
1611,PUNTARENAS,COTO BRUS,OVARIO,17172,0,0,MUJER,2011
1612,PUNTARENAS,PARRITA,OVARIO,5992,0,0,MUJER,2011
1613,PUNTARENAS,CORREDORES,OVARIO,15680,0,0,MUJER,2011
1614,PUNTARENAS,GARABITO,OVARIO,10900,1,9.17,MUJER,2011
1615,LIMON,CENTRAL,OVARIO,51405,2,3.89,MUJER,2011
1616,LIMON,POCOCI,OVARIO,72826,1,1.37,MUJER,2011
1617,LIMON,SIQUIRRES,OVARIO,29042,0,0,MUJER,2011
1618,LIMON,TALAMANCA,OVARIO,15943,0,0,MUJER,2011
1619,LIMON,MATINA,OVARIO,22584,0,0,MUJER,2011
1620,LIMON,GUACIMO,OVARIO,23246,1,4.3,MUJER,2011
